date,Bnei_Brak_Jabotinsky,Bnei_brak_highway4,Jerusalem_Bar_Ilan,Ranana_Ahuza,Rishon_Herzl,TLV_Yehuda_Hamacabi,car_num
01/01/2010,1.584615385,1.793333333,0.892857143,,1.086666667,0.892307692,8484
16/01/2010,1.5,1.46875,0.778571429,,0.9125,1.4,16968
01/02/2010,,1.446666667,0.906666667,,0.941666667,1.666666667,7533.5
16/02/2010,1.207692308,1.415384615,0.830769231,2.3,0.992307692,1.261538462,15067
01/03/2010,1.173333333,1.513333333,0.846666667,0.526666667,1.05,1.306666667,9719
16/03/2010,0.7125,1.16875,0.725,0.486666667,0.81875,0.9875,19438
01/04/2010,0.686666667,1.24,0.88,0.673333333,0.733333333,1.026666667,7046.5
16/04/2010,0.646666667,1.293333333,0.826666667,0.593333333,0.713333333,1.1,14093
01/05/2010,0.606666667,1.313333333,0.773333333,0.615384615,0.930769231,1.066666667,9085.5
16/05/2010,0.3,1.15,0.84375,0.5875,0.85625,0.95,18171
01/06/2010,0.2,1.166666667,0.86,0.58,0.853333333,0.978571429,10957.5
16/06/2010,0.3,1.186666667,0.846666667,0.606666667,0.86,0.953333333,21915
01/07/2010,0.9,1.025,0.9,0.613333333,0.807692308,0.873333333,10097.5
16/07/2010,1.18125,,0.88125,0.68125,0.86875,0.95625,20195
01/08/2010,1.16,,0.98,0.693333333,0.9,0.966666667,9590.5
16/08/2010,1.18125,1.22,1.08125,0.7125,0.9375,1.00625,19181
01/09/2010,1.06,1.12,0.873333333,0.638461538,0.86,0.946666667,6928
16/09/2010,1.106666667,1.186666667,1.013333333,0.646666667,0.88,1.013333333,13856
01/10/2010,1.006666667,1.264285714,0.946666667,0.592307692,0.913333333,1.066666667,10535
16/10/2010,0.9,1.40625,0.9625,0.607142857,1.00625,1.2375,21070
01/11/2010,0.946666667,1.533333333,1.073333333,0.506666667,1.092307692,1.353333333,10663
16/11/2010,0.978571429,1.733333333,1.093333333,0.485714286,1.253333333,1.46,21326
01/12/2010,1.277777778,1.693333333,1.02,0.518181818,1.213333333,1.526666667,8889
16/12/2010,1.113333333,1.71875,1.090909091,0.446666667,1.20625,1.3375,17778
01/01/2011,0.926666667,1.453333333,0.953333333,0.507142857,1.073333333,1.093333333,10926.5
16/01/2011,0.94375,1.46875,0.95625,0.40625,1.05,1.125,21853
01/02/2011,1.06,1.386666667,0.946666667,0.42,1.009090909,1.007692308,9612
16/02/2011,0.7,1.253846154,0.955555556,0.392307692,0.95,1.023076923,19224
01/03/2011,0.226666667,1.286666667,0.98,0.346666667,0.96,1.02,11971
16/03/2011,0.46,1.31875,0.94375,0.35625,0.9375,1.025,23942
01/04/2011,0.506666667,1.3,0.946666667,0.38,0.373333333,1.021428571,7948
16/04/2011,0.48,1.193333333,0.866666667,0.373333333,0.253333333,1.06,15896
01/05/2011,0.46,1.114285714,0.463636364,0.346666667,0.226666667,0.893333333,10415
16/05/2011,0.290909091,1.14375,0.54375,0.3875,0.275,0.993333333,20830
01/06/2011,0.633333333,0.366666667,0.476923077,0.373333333,0.233333333,0.9,11138.5
16/06/2011,0.726666667,0.306666667,0.492307692,0.613333333,0.25,0.986666667,22277
01/07/2011,0.733333333,0.413333333,0.32,0.64,0.3,1,9893.5
16/07/2011,0.5,0.4,0.4375,0.51875,0.31875,0.75,19787
01/08/2011,0.126666667,0.393333333,0.546666667,0.106666667,0.273333333,0.293333333,9993
16/08/2011,-0.23125,0.45,0.55,0.53125,0.275,0.375,19986
01/09/2011,0.126666667,0.753846154,0.673333333,0.507692308,0.3,0.438461538,7925
16/09/2011,0.246666667,0.58,0.546153846,0.433333333,0.32,0.44,15850
01/10/2011,0.153333333,0.593333333,0.446153846,0.366666667,0.32,0.513333333,7535
16/10/2011,0.2125,0.51875,-0.03125,0.34375,0.3375,0.4875,15070
01/11/2011,0.346666667,0.6,0.04,0.386666667,0.393333333,0.566666667,9474
16/11/2011,0.26,0.673333333,-0.086666667,0.346666667,0.466666667,0.666666667,18948
01/12/2011,0.853333333,0.813333333,-0.026666667,0.32,0.62,0.866666667,6648
16/12/2011,0.925,0.72,0.075,0.5,0.49375,0.66875,13296
01/01/2012,0.407142857,0.546666667,0.206666667,0.313333333,0.413333333,0.506666667,10772
16/01/2012,0.45,0.525,0.21875,0.35,0.40625,0.50625,21544
01/02/2012,0.466666667,0.63,0.386666667,0.286666667,0.44,0.62,9200.5
16/02/2012,0.421428571,0.592857143,0.4,0.235714286,0.421428571,0.528571429,18401
01/03/2012,0.346666667,0.466666667,0.36,0.306666667,0.366666667,0.492307692,10391
16/03/2012,0.3875,0.4125,0.5,0.421428571,0.33125,0.33125,20782
01/04/2012,0.86,0.446666667,0.533333333,0.493333333,0.285714286,0.366666667,7424.5
16/04/2012,0.42,0.406666667,0.306666667,0.406666667,0.278571429,0.34,14849
01/05/2012,0.2,0.46,0.633333333,0.333333333,0.333333333,0.366666667,9370
16/05/2012,0.44375,0.41875,0.25,0.19375,0.26875,0.35625,18740
01/06/2012,0.82,0.413333333,0.353333333,0.186666667,0.28,0.313333333,9314.5
16/06/2012,1.026666667,0.44,0.366666667,0.24,0.28,0.308333333,18629
01/07/2012,1.093333333,0.48,0.346666667,0.485714286,0.18,0.341666667,9945
16/07/2012,0.50625,0.5125,0.4125,0.7375,0.15,0.40625,19890
01/08/2012,0.193333333,0.553333333,0.306666667,1.026666667,0.14,0.446666667,9482
16/08/2012,0.2875,0.5125,0.29375,1.0875,0.1,0.33125,18964
01/09/2012,0.406666667,0.5,0.34,0.886666667,0.1,0.346666667,5739
16/09/2012,0.393333333,0.473333333,0.18,0.433333333,0.12,0.36,11478
01/10/2012,0.393333333,0.486666667,0.146666667,0.635714286,0.16,0.38,8751
16/10/2012,0.425,0.65625,0.221428571,0.325,0.20625,0.59375,17502
01/11/2012,0.5,0.686666667,0.186666667,0.32,0.192307692,0.62,8317.5
16/11/2012,0.48,0.706666667,0.266666667,0.25,0.213333333,0.6,16635
01/12/2012,0.4,0.663636364,0.326666667,,0.286666667,0.692307692,5155.5
16/12/2012,0.4625,0.70625,0.2625,,0.25625,0.70625,10311
01/01/2013,0.42,0.606666667,0.186666667,0.416666667,0.293333333,0.62,11732.5
16/01/2013,0.446666667,0.675,0.246153846,0.66875,0.276923077,0.68125,23465
01/02/2013,0.45,0.575,0.253333333,0.566666667,0.3,0.626666667,8576
16/02/2013,0.842857143,0.446153846,0.184615385,0.584615385,0.292307692,0.541666667,17152
01/03/2013,0.493333333,0.413333333,0.26,0.473333333,0.373333333,0.45,8794
16/03/2013,0.464285714,0.35625,0.21875,0.43125,0.21875,0.4625,17588
01/04/2013,0.426666667,0.346666667,0.046666667,0.453333333,0.508333333,0.413333333,8701
16/04/2013,0.446666667,0.430769231,0.093333333,0.453333333,0.446666667,0.427272727,17402
01/05/2013,0.393333333,0.393333333,0.083333333,0.5,0.453333333,0.46,9779
16/05/2013,0.35625,0.35625,0.43125,0.45,0.36875,0.353846154,19558
01/06/2013,0.326666667,0.333333333,0.313333333,0.46,0.386666667,0.34,9020.5
16/06/2013,0.346666667,0.293333333,0.29,0.46,0.366666667,0.366666667,18041
01/07/2013,0.326666667,0.266666667,0.328571429,0.533333333,0.44,0.333333333,11203.5
16/07/2013,0.378571429,0.5375,0.353333333,0.53125,0.74375,0.39375,22407
01/08/2013,0.4,0.371428571,0.38,0.513333333,0.393333333,0.393333333,9725
16/08/2013,0.39375,0.36875,0.375,0.525,0.428571429,0.4375,19450
01/09/2013,0.36,0.38,0.361538462,0.521428571,0.393333333,0.36,5823.5
16/09/2013,0.293333333,0.366666667,0.278571429,0.466666667,0.353333333,0.34,11647
01/10/2013,0.38,0.453333333,0.346666667,0.54,0.406666667,0.4,10031.5
16/10/2013,0.5625,0.55,0.40625,0.78125,0.46875,0.5125,20063
01/11/2013,0.533333333,0.566666667,0.438461538,0.78,0.513333333,0.546666667,8406
16/11/2013,0.74,0.666666667,0.493333333,0.693333333,0.607692308,0.66,16812
01/12/2013,0.7,0.592307692,0.353846154,0.526666667,0.393333333,0.466666667,5422
16/12/2013,0.85,0.993333333,0.533333333,0.7125,0.61875,0.78125,10844
01/01/2014,0.706666667,0.96,0.6,0.64,0.546666667,0.653333333,14332
16/01/2014,0.75,0.80625,0.5375,0.706666667,0.5625,0.79375,28664
01/02/2014,0.62,0.593333333,0.446666667,0.593333333,0.5,0.513333333,10853.5
16/02/2014,0.592307692,0.584615385,0.507692308,0.607692308,0.5,0.376923077,21707
01/03/2014,0.453333333,0.464285714,0.373333333,0.485714286,0.426666667,0.286666667,12005.5
16/03/2014,0.4125,0.471428571,0.4125,0.5,0.425,0.2875,24011
01/04/2014,0.406666667,0.446666667,0.4,0.393333333,0.393333333,0.253333333,9142.5
16/04/2014,0.3,0.386666667,0.333333333,0.373333333,0.366666667,0.22,18285
01/05/2014,0.326666667,0.330769231,0.333333333,0.533333333,0.326666667,0.22,10961.5
16/05/2014,0.33125,0.4,0.39375,0.39375,0.35,0.2,21923
01/06/2014,0.286666667,0.306666667,0.333333333,0.5,0.3,,11697.5
16/06/2014,0.313333333,0.433333333,0.38,0.42,0.366666667,0.22,23395
01/07/2014,0.333333333,0.476923077,0.3,0.513333333,0.357142857,0.326666667,10435
16/07/2014,0.3,0.31875,0.3625,0.7625,0.33125,0.18125,20870
01/08/2014,0.36,0.386666667,0.393333333,0.433333333,0.36,0.266666667,9072.5
16/08/2014,0.3875,0.40625,0.40625,0.45625,0.375,0.58125,18145
01/09/2014,0.373333333,0.386666667,0.4,0.44,0.36,0.366666667,9675.5
16/09/2014,0.34,0.313333333,0.38,0.44,0.38,0.36,19351
01/10/2014,0.5,0.486666667,0.42,0.473333333,0.386666667,0.38,8742
16/10/2014,0.575,0.463636364,0.40625,0.53125,0.428571429,0.433333333,17484
01/11/2014,0.726666667,0.613333333,0.433333333,0.513333333,0.486666667,0.54,9995
16/11/2014,0.586666667,0.533333333,0.386666667,0.46,0.44,0.466666667,19990
01/12/2014,0.933333333,0.74,0.493333333,0.733333333,0.62,0.72,4860.5
16/12/2014,0.9,0.7,0.50625,0.88125,0.5875,0.68125,9721
01/01/2015,0.566666667,0.446666667,0.32,0.413333333,0.713333333,0.373333333,18109.5
16/01/2015,0.9875,0.825,0.53125,0.69375,0.675,0.75,36219
01/02/2015,0.657142857,0.593333333,0.38,0.623076923,0.48,0.513333333,10619.5
16/02/2015,0.591666667,0.484615385,0.376923077,0.409090909,0.45,0.446153846,21239
01/03/2015,0.473333333,0.413333333,0.38,0.44,0.6,0.38,12523.5
16/03/2015,0.4875,0.35,0.3375,0.39375,0.41875,0.36875,25047
01/04/2015,0.433333333,0.333333333,0.313333333,0.386666667,0.386666667,0.335714286,8858
16/04/2015,0.506666667,0.406666667,0.36,0.44,0.44,0.385714286,17716
01/05/2015,0.44,0.486666667,0.36,0.44,0.393333333,0.3,10593.5
16/05/2015,0.4375,0.44375,0.278571429,0.4,0.3875,0.34375,21187
01/06/2015,0.393333333,0.453333333,0.307692308,0.413333333,0.406666667,0.313333333,12995.5
16/06/2015,0.446666667,0.52,0.3,0.66,0.353333333,0.293333333,25991
01/07/2015,0.4,0.5,0.333333333,0.773333333,0.373333333,0.293333333,12028
16/07/2015,0.48125,0.575,0.34,0.75625,0.38125,0.34375,24056
01/08/2015,0.466666667,0.566666667,0.366666667,0.686666667,0.513333333,0.373333333,10938
16/08/2015,0.425,0.53125,0.34375,0.542857143,0.44,0.325,21876
01/09/2015,0.486666667,0.593333333,0.4,0.68,0.418181818,0.366666667,7427.5
16/09/2015,0.42,0.56,0.326666667,0.7,0.306666667,0.333333333,14855
01/10/2015,0.453333333,0.626666667,0.313333333,0.628571429,0.38,0.32,10328
16/10/2015,0.61875,0.8125,0.4,0.566666667,0.453846154,0.44375,20656
01/11/2015,0.66,0.726666667,0.32,0.58,0.453333333,0.413333333,10780.5
16/11/2015,0.76,0.553333333,0.366666667,0.88,0.54,0.486666667,21561
01/12/2015,0.76,0.68,0.426666667,0.946153846,0.533333333,0.48,4365
16/12/2015,0.853846154,0.90625,0.4,1.075,0.507692308,0.4,8730
01/01/2016,0.692307692,0.916666667,0.366666667,1.093333333,0.54,0.18,19243.5
16/01/2016,0.73125,,0.35625,1.4,0.557142857,0.161538462,38487
01/02/2016,0.88,1.6,0.42,1.1,0.646666667,0.141666667,12718
16/02/2016,0.657142857,0.341666667,0.407142857,0.914285714,0.592857143,0.072727273,25436
01/03/2016,0.566666667,0.746666667,0.346666667,0.5,0.490909091,0.013333333,14613
16/03/2016,0.4,0.71875,0.29375,0.4375,0.43125,-0.04375,29226
01/04/2016,0.484615385,0.946666667,0.346666667,0.513333333,0.485714286,0.053846154,11517
16/04/2016,0.486666667,0.52,0.313333333,0.6,0.38,0.04,23034
01/05/2016,0.446666667,0.466666667,0.34,0.546666667,0.26,0.026666667,13066.5
16/05/2016,0.436363636,0.54375,0.36875,0.5125,0.20625,0.1,26133
01/06/2016,0.473333333,0.693333333,0.315384615,0.48,0.2,0.213333333,13298.5
16/06/2016,0.446666667,0.826666667,0.35,0.466666667,0.186666667,0.186666667,26597
01/07/2016,0.426666667,0.846666667,0.313333333,0.48,0.127272727,0.22,13782
16/07/2016,0.4,0.7875,0.35625,0.4625,0.072727273,0.08125,27564
01/08/2016,0.486666667,0.84,0.446666667,0.533333333,0.066666667,0.16,13975
16/08/2016,0.43125,0.775,0.325,0.48125,0.39375,0.266666667,27950
01/09/2016,0.426666667,0.786666667,0.3,0.5,0.506666667,0.36,12418
16/09/2016,0.446666667,0.833333333,0.3,0.54,0.506666667,0.486666667,24836
01/10/2016,0.52,0.853333333,0.273333333,0.473333333,0.14,0.666666667,6957
16/10/2016,0.5625,0.9625,0.3,0.51875,0.513333333,0.49375,13914
01/11/2016,0.7,0.78,0.473333333,0.6,0.538461538,0.421428571,10294.5
16/11/2016,0.566666667,0.733333333,0.313333333,0.366666667,0.36,0.05,20589
01/12/2016,0.593333333,0.946666667,0.346666667,0.52,0.5,0.046153846,3180
16/12/2016,0.55,0.664285714,0.3875,0.51875,0.48125,0.333333333,6360
01/01/2017,0.607142857,0.673333333,0.433333333,0.553846154,0.493333333,0.486666667,23879
16/01/2017,0.692307692,0.73125,0.3625,0.73125,0.55625,0.15,47758
01/02/2017,0.633333333,0.74,0.333333333,0.526666667,0.546666667,0.106666667,12746
16/02/2017,0.7,0.792307692,0.361538462,0.553846154,0.292307692,0.2,25492
01/03/2017,0.535714286,0.62,0.34,0.466666667,0.393333333,0.053846154,14393.5
16/03/2017,0.525,0.5375,0.35625,0.45625,0.3875,0.064285714,28787
01/04/2017,0.466666667,0.513333333,0.293333333,0.393333333,0.293333333,0.04,9914.5
16/04/2017,0.6,0.506666667,0.3,0.393333333,0.273333333,0.28,19829
01/05/2017,0.46,0.538461538,0.333333333,0.413333333,0.3,0.38,12531
16/05/2017,0.4125,0.49375,0.3,0.38125,0.225,0.34375,25062
01/06/2017,0.393333333,0.466666667,0.313333333,0.373333333,0.373333333,0.286666667,12629
16/06/2017,0.421428571,0.52,0.3,0.42,0.26,0.346666667,25258
01/07/2017,0.466666667,0.52,0.34,0.413333333,0.286666667,0.4,13298.5
16/07/2017,0.442857143,0.469230769,0.276923077,0.427272727,0.225,0.35,26597
01/08/2017,0.5,0.4,0.366666667,0.393333333,0.28,0.113333333,12218.5
16/08/2017,0.4875,0.384615385,0.371428571,0.425,0.25625,0.0625,24437
01/09/2017,0.5,0.42,0.386666667,0.46,0.266666667,0.058333333,10201.5
16/09/2017,0.486666667,0.353333333,0.377777778,0.381818182,0.213333333,-0.026666667,20403
01/10/2017,0.46,0.346666667,0.286666667,0.4,0.086666667,-0.046666667,10080
16/10/2017,0.5625,0.4375,0.346666667,0.476923077,0.15625,0.00625,20160
01/11/2017,0.613333333,0.406666667,0.335714286,0.455555556,0.14,0.05,8916.5
16/11/2017,0.626666667,0.42,0.446666667,0.62,0.12,0.042857143,17833
01/12/2017,0.84,0.473333333,0.4,0.546666667,0.186666667,0.17,2424.5
16/12/2017,0.907142857,0.54375,0.58125,0.69375,0.225,0.2,4849
01/01/2018,0.607142857,0.386666667,0.36,0.546666667,0.18,0.1,19388.5
16/01/2018,0.575,0.3125,0.31875,0.527272727,0.1625,0.03125,38777
01/02/2018,0.9,0.513333333,0.513333333,0.814285714,0.3,0.366666667,13198
16/02/2018,0.538461538,0.3,0.376923077,0.2,0.561538462,0.569230769,26396
01/03/2018,0.623076923,0.326666667,0.406666667,0.136363636,0.766666667,0.753333333,14644
16/03/2018,0.5875,0.333333333,0.4,0.225,0.88125,0.85,29288
01/04/2018,0.44,0.22,0.323076923,0.253333333,0.893333333,0.873333333,9867
16/04/2018,0.446666667,0.22,0.34,0.233333333,0.92,0.88,19734
01/05/2018,0.478571429,0.246666667,0.32,0.213333333,0.676923077,0.88,12993
16/05/2018,0.475,0.23125,0.31875,0.2375,0.3625,0.91875,25986
01/06/2018,0.426666667,0.233333333,0.306666667,0.246666667,0.386666667,0.893333333,11845.5
16/06/2018,0.4,0.233333333,0.293333333,0.213333333,0.313333333,0.78,23691
01/07/2018,0.433333333,0.341666667,0.32,0.326666667,0.373333333,0.486666667,12871.5
16/07/2018,0.43125,0.45625,0.325,0.425,0.51875,0.58125,25743
01/08/2018,0.483333333,0.446666667,0.313333333,0.52,0.64,0.64,11893
16/08/2018,0.461538462,0.45625,0.31875,0.58125,0.74375,0.633333333,23786
01/09/2018,0.542857143,0.46,0.346666667,0.653333333,0.913333333,0.433333333,6497
16/09/2018,0.693333333,0.5,0.306666667,0.713333333,1.006666667,0.48,12994
01/10/2018,0.442857143,0.466666667,0.326666667,0.76,0.68,0.486666667,10809.5
16/10/2018,0.46875,0.51875,0.3,0.8,0.60625,0.56875,21619
01/11/2018,0.555555556,0.573333333,0.306666667,0.653333333,0.906666667,0.553333333,8185
16/11/2018,0.693333333,0.757142857,0.42,0.326666667,0.666666667,0.78,16370
01/12/2018,0.463636364,0.493333333,0.3,0.226666667,0.76,0.653333333,2624.5
16/12/2018,0.53125,0.590909091,0.34375,0.108333333,1.03125,0.80625,5249
01/01/2019,0.523076923,0.52,0.284615385,0.113333333,0.64,0.92,19473.5
16/01/2019,0.6375,0.5875,0.35,0.31875,0.9125,0.786666667,38947
01/02/2019,0.493333333,0.493333333,0.326666667,0.273333333,0.78,0.313333333,12437
16/02/2019,0.523076923,0.5,0.307692308,0.276923077,0.661538462,0.484615385,24874
01/03/2019,0.478571429,0.513333333,0.32,0.08,0.893333333,0.606666667,14721.5
16/03/2019,0.41875,0.533333333,0.29375,0.0625,0.8875,0.68125,29443
01/04/2019,0.48,0.5625,0.3,0.06,0.633333333,0.806666667,11596.5
16/04/2019,0.353846154,0.458333333,0.246666667,0.046666667,0.386666667,0.386666667,23193
01/05/2019,0.323076923,0.506666667,0.25,0.1,0.64,0.526666667,10995
16/05/2019,0.5125,0.61875,0.36,0.15,0.842857143,0.8125,21990
01/06/2019,0.378571429,0.48,0.207692308,0.106666667,0.753333333,0.52,11177
16/06/2019,0.422222222,0.52,0.246666667,0.115384615,0.8,0.466666667,22354
01/07/2019,0.4,0.52,0.246666667,0.01,0.793333333,0.48,11875
16/07/2019,0.39375,0.49375,0.24375,0.0125,0.8625,0.49375,23750
01/08/2019,0.406666667,0.52,0.236363636,0,0.926666667,0.528571429,9973
16/08/2019,0.44375,0.5375,0.31875,0.0125,0.7375,0.592307692,19946
01/09/2019,0.42,0.42,0.306666667,0.013333333,0.686666667,0.6,9253.5
16/09/2019,0.44,0.46,0.326666667,0.026666667,0.88,0.666666667,18507
01/10/2019,0.42,0.42,0.313333333,0.02,0.96,0.7,7342
16/10/2019,0.46875,0.442857143,0.325,0.02,0.96875,0.82,14684
01/11/2019,0.573333333,0.573333333,0.32,0.058333333,0.86,0.82,8591.5
16/11/2019,0.463636364,0.56,0.328571429,0.07,0.76,0.38,17183
01/12/2019,0.48,0.52,0.306666667,0.22,0.886666667,0.246153846,3152
16/12/2019,0.614285714,0.6,0.3375,0.19375,0.766666667,0.46875,6304
01/01/2020,0.442857143,0.478571429,0.3,0.2,0.78,0.464285714,21661
16/01/2020,0.475,0.5,0.325,0.1,0.6625,0.65625,43322
01/02/2020,0.56,0.44,0.32,0.14,0.82,0.68,12709
16/02/2020,0.442857143,0.478571429,0.364285714,0.142857143,0.921428571,0.623076923,25418
01/03/2020,0.5,0.513333333,0.313333333,0.185714286,0.62,0.846666667,9391
16/03/2020,0.34375,0.35625,0.26875,0.09375,0.5625,0.65,18782
01/04/2020,0.273333333,0.34,0.206666667,0.146666667,0.5,0.364285714,1318.5
16/04/2020,0.333333333,0.36,0.226666667,0.28,0.46,0.571428571,2637
01/05/2020,0.32,0.34,0.273333333,0.366666667,0.77,0.64,5566
16/05/2020,0.357142857,0.34375,0.275,0.28125,0.86875,0.675,11132
01/06/2020,0.333333333,0.3,0.286666667,0.213333333,0.92,0.666666667,11038
16/06/2020,0.326666667,0.313333333,0.286666667,0.22,0.6,0.713333333,22076
01/07/2020,0.34,0.333333333,0.32,0.246666667,0.426666667,0.266666667,11671.5
16/07/2020,0.33125,0.34375,0.326666667,0.2625,0.49375,0.306666667,23343
01/08/2020,0.386666667,0.353333333,0.333333333,0.266666667,0.513333333,0.378571429,10359
16/08/2020,0.425,0.3625,0.375,0.31875,0.625,0.425,20718
01/09/2020,0.486666667,0.453333333,0.45,0.554545455,0.78,0.506666667,9513
16/09/2020,0.38,0.313333333,0.34,0.02,0.546666667,0.52,19026
01/10/2020,0.426666667,0.413333333,0.32,0.053333333,0.593333333,0.65,7477.5
16/10/2020,0.425,0.55,0.40625,0.3,0.9375,0.7875,14955
01/11/2020,0.446666667,0.56,0.36,0.273333333,0.94,0.826666667,7979.5
16/11/2020,0.5,0.66,0.371428571,0.346153846,0.9,0.766666667,15959
01/12/2020,0.718181818,0.706666667,0.626666667,0.361538462,0.575,0.657142857,2374
16/12/2020,0.5125,0.6,0.4,0.213333333,0.56875,0.52,4748
01/01/2021,0.673333333,0.64,0.346153846,0.36,0.846666667,0.666666667,24758.5
16/01/2021,0.41875,0.425,0.2875,0.24375,0.84375,0.60625,49517
01/02/2021,0.52,0.65,0.42,0.193333333,0.706666667,0.84,13013.5
16/02/2021,0.384615385,0.492307692,0.307692308,0.181818182,0.638461538,0.825,26027
01/03/2021,0.357142857,0.473333333,0.326666667,0.273333333,0.753333333,0.82,13726
16/03/2021,0.1,0.46875,0.325,0.15,0.85,0.657142857,27452
01/04/2021,0.366666667,0.406666667,0.306666667,0.24,0.9,0.385714286,12963
16/04/2021,0.493333333,0.526666667,0.333333333,0.3,0.773333333,0.52,25926
01/05/2021,0.426666667,0.466666667,0.293333333,0.186666667,0.753333333,0.607692308,13987.5
16/05/2021,0.3375,0.3125,0.2875,0.0125,0.65625,0.74375,27975
01/06/2021,0.16,0.32,0.28,0.013333333,0.693333333,0.553333333,16486.5
16/06/2021,0.193333333,0.346666667,0.3,0.006666667,0.686666667,0.406666667,32973
01/07/2021,0.273333333,0.38,0.32,0.033333333,0.74,0.573333333,13710.5
16/07/2021,0.2625,0.37,0.3375,0.08125,0.81875,0.65625,27421
01/08/2021,0.393333333,0.466666667,0.393333333,0.093333333,0.993333333,0.838461538,13928.5
16/08/2021,0.33125,0.3875,0.3625,0.0625,0.73125,0.86875,27857
01/09/2021,0.3,0.326666667,0.3,0.2,0.58,0.506666667,6634
16/09/2021,0.293333333,0.32,0.273333333,0.285714286,0.66,0.676923077,13268
01/10/2021,0.353333333,0.426666667,0.366666667,0.406666667,0.753333333,0.8,9976.5
16/10/2021,0.35625,0.49375,0.35,0.4,0.90625,0.65,19953
01/11/2021,0.4,0.626666667,0.36,0.113333333,0.793333333,0.806666667,8241.5
16/11/2021,0.586666667,0.666666667,0.46,0.32,0.915384615,0.913333333,16483
01/12/2021,0.606666667,0.666666667,0.366666667,0.44,0.906666667,0.814285714,3306.5
16/12/2021,0.43125,0.5125,0.33125,0.375,0.86875,0.6375,6613
01/01/2022,0.513333333,0.586666667,0.386666667,0.333333333,0.886666667,0.533333333,19272.5
16/01/2022,0.35,0.43125,0.3375,0.16,0.83125,0.5,38545
01/02/2022,0.46,0.526666667,0.373333333,0.306666667,0.546666667,0.721428571,13015
16/02/2022,0.376923077,0.476923077,0.392307692,0.353846154,0.607692308,0.792307692,26030
01/03/2022,0.313333333,0.373333333,0.5,0.246666667,0.64,0.613333333,14347.5
16/03/2022,0.3125,0.53125,0.615384615,0.35,0.71875,0.475,28695
01/04/2022,0.413333333,0.78,,0.29,0.526666667,0.786666667,10588
16/04/2022,0.306666667,0.78,0.566666667,0.366666667,0.44,0.633333333,21176
01/05/2022,0.306666667,0.333333333,0.476923077,0.386666667,0.38,0.475,12933.5
16/05/2022,0.375,0.2875,0.43125,0.335714286,0.31875,0.68,25867
01/06/2022,0.34,0.126666667,0.164285714,0.171428571,0.278571429,0.7,11884
16/06/2022,0.306666667,0.073333333,0.393333333,0.12,0.571428571,0.613333333,23768
01/07/2022,0.306666667,0.133333333,0.753333333,0.493333333,0.557142857,0.62,11328
16/07/2022,0.3,0.14375,0.54375,0.5875,0.714285714,0.60625,22656
01/08/2022,0.293333333,0.14,0.673333333,0.593333333,0.873333333,0.663636364,10726.5
16/08/2022,0.2875,0.15625,0.59375,0.56875,0.84375,0.69375,21453
01/09/2022,0.273333333,0.106666667,0.46,0.573333333,0.692307692,0.666666667,8885.5
16/09/2022,0.22,0.173333333,0.32,0.293333333,0.486666667,0.733333333,17771
01/10/2022,0.213333333,0.253333333,0.693333333,0.36,0.54,0.738461538,8578
16/10/2022,0.19375,0.40625,0.71875,0.4625,0.6375,0.85,17156
01/11/2022,0.286666667,0.364285714,0.541666667,0.563636364,0.7,0.873333333,11492
16/11/2022,0.22,0.4,0.466666667,0.173333333,0.906666667,0.88,22984
01/12/2022,0.38,0.564285714,0.82,0.373333333,1.22,1.033333333,5881
16/12/2022,0.29375,0.3125,0.50625,0.26875,1.033333333,0.8125,11762
01/01/2023,0.326666667,0.357142857,0.58,0.34,0.926666667,0.716666667,24292.5
16/01/2023,0.433333333,0.457142857,0.725,0.430769231,1.1625,0.966666667,48585
01/02/2023,0.24,0.313333333,0.526666667,0.22,0.869230769,0.66,14952.5
16/02/2023,0.408333333,0.415384615,0.669230769,0.333333333,0.815384615,0.838461538,29905
01/03/2023,0.254545455,0.36,0.673333333,0.266666667,0.88,0.553333333,15659.5
16/03/2023,0.24375,0.4125,0.66875,0.3,0.9375,0.653846154,31319
01/04/2023,0.378571429,0.326666667,0.542857143,0.28,0.94,0.7,9597.5
16/04/2023,0.286666667,0.266666667,0.713333333,0.293333333,0.8,0.62,19195
01/05/2023,0.28,0.246666667,0.753333333,0.386666667,0.773333333,0.66,12554
16/05/2023,0.275,0.19375,0.39375,0.225,0.69375,0.63125,25108
01/06/2023,0.3,0.333333333,0.733333333,0.133333333,0.666666667,0.65,12773
16/06/2023,0.3,0.373333333,0.553333333,0.253333333,0.606666667,0.686666667,25546
01/07/2023,0.273333333,0.313333333,0.693333333,0.133333333,0.56,0.713333333,12062
16/07/2023,0.3,0.218181818,0.54375,0.21875,0.430769231,0.7375,24124
01/08/2023,0.246666667,0.107142857,0.626666667,0.085714286,0.233333333,0.613333333,12733.5
16/08/2023,0.2375,0.075,0.75625,0.15,0.3,0.4125,25467
01/09/2023,0.373333333,0.2,0.553333333,0.24,0.506666667,0.426666667,9351.5
16/09/2023,0.54,0.22,0.633333333,0.393333333,0.657142857,0.427272727,18703
01/10/2023,0.5,0.193333333,0.446666667,0.393333333,0.68,0.815384615,6033
16/10/2023,0.40625,0.275,0.6375,0.5125,0.7,0.83125,12066
01/11/2023,0.433333333,0.422222222,0.753333333,0.453333333,0.58,0.806666667,6582.5
16/11/2023,0.34,0.333333333,0.446666667,0.193333333,0.754545455,0.78,13165
01/12/2023,0.626666667,0.633333333,0.766666667,0.333333333,0.546666667,0.92,2454
16/12/2023,0.90625,0.8375,0.4875,0.2,0.56875,0.825,4908
01/01/2024,1.08,0.933333333,0.593333333,0.293333333,0.826666667,0.826666667,19244
16/01/2024,0.62,0.75,0.7,0.3,0.68125,0.81875,38488
01/02/2024,0.686666667,0.686666667,0.686666667,0.433333333,0.713333333,0.846666667,13420.5
16/02/2024,0.792857143,0.607142857,0.763636364,0.321428571,0.6,0.764285714,26841
01/03/2024,0.833333333,0.473333333,0.5,0.253333333,0.426666667,0.713333333,13130
16/03/2024,0.80625,0.1875,0.55,0.2875,0.525,0.8125,26260
01/04/2024,0.906666667,0.326666667,0.126666667,0.433333333,0.58,0.706666667,9190.5
16/04/2024,0.9,0.353333333,0.228571429,0.353333333,0.493333333,0.66,18381
01/05/2024,0.913333333,0.333333333,0.271428571,0.213333333,0.46,0.654545455,11523.5
16/05/2024,0.94375,0.406666667,0.413333333,0.0875,0.425,0.6625,23047
01/06/2024,0.86,0.446666667,0.353333333,0.392857143,0.366666667,0.66,13306.5
16/06/2024,0.88,0.473333333,0.58,0.166666667,0.258333333,0.606666667,26613
01/07/2024,0.8,0.32,0.141666667,0.333333333,0.32,0.586666667,12862
16/07/2024,0.85625,0.3375,0.40625,0.3125,0.3625,0.59375,25724
01/08/2024,0.793333333,0.48,0.206666667,0.313333333,0.52,0.6,11930.5
16/08/2024,0.84375,0.56875,0.542857143,0.19,0.6,,23861
01/09/2024,0.893333333,0.433333333,0.453333333,0.075,0.58,0.591666667,11620
16/09/2024,0.92,0.26,0.153333333,0.464285714,0.635714286,0.82,23240
01/10/2024,0.893333333,0.166666667,0.373333333,0.386666667,0.3,0.626666667,7434
16/10/2024,0.91875,0.2375,0.61875,0.35625,0.40625,0.64375,14868
01/11/2024,0.986666667,0.285714286,0.192857143,0.233333333,0.642857143,0.766666667,9272
16/11/2024,1.046666667,0.3,0.613333333,0.38,0.623076923,0.793333333,18544
01/12/2024,1.06,0.346666667,0.92,0.366666667,0.933333333,0.94,6583
16/12/2024,0.673333333,0.363636364,0.7375,0.38125,1.025,0.84375,13166
01/01/2025,0.786666667,0.56,0.633333333,0.38,1.133333333,0.74,23992.5
16/01/2025,0.8125,0.83125,0.60625,0.30625,1.175,0.83125,47985
01/02/2025,0.766666667,0.933333333,0.721428571,0.26,0.966666667,0.74,12798.5
16/02/2025,0.683333333,0.892307692,0.707692308,0.284615385,1.046153846,0.607692308,25597
