date_time,Jerusalem_Bar_Ilan,TLV_Yehuda_Hamacabi
42006,1.55,1.98
42007,1.02,0.55
42008,0.73,0.34
42009,1.05,0.45
42010,0.93,0.48
42011,0.68,0.23
42012,0.57,0.2
42013,0.71,0.3
42014,0.9,0.44
42015,1.01,0.48
42016,1.51,0.81
42017,1.45,1.35
42018,1.63,1.18
42019,1.52,0.9
42020,1.04,0.53
42021,1.17,0.57
42022,1.75,1.09
42023,2.27,2.2
42024,2.87,1.85
42025,2.7,2.14
42026,2.7,3.05
42027,2.22,2.14
42028,2.28,2.18
42029,1.63,2.19
42030,3.28,2.53
42031,2.13,1.78
42032,1.51,1.51
42033,1.46,1.5
42034,1.36,0.84
42035,0.98,0.58
42036,2.32,0.7
42037,3.03,1.5
42038,2.01,1.96
42039,1.15,1.07
42040,1.02,0.58
42041,1.35,0.9
42042,1.42,2.76
42043,0.89,0.87
42044,0.78,0.3
42045,0.97,0.45
42046,1.18,0.4
42047,0.44,0.23
42048,0.45,0.33
42049,0.32,0.39
42050,0.81,1.41
42051,1.9,1.02
42052,1.03,1.11
42053,1.25,1.7
42054,1.06,1.06
42055,0.79,0.74
42056,0.7,0.71
42057,1.3,0.94
42058,2.04,1.72
42059,1.83,2.66
42060,1.44,1.85
42061,1.27,1.26
42062,1.14,1.28
42063,1.11,1.46
42064,0.71,0.83
42065,1.14,0.44
42066,0.77,0.25
42067,0.85,0.24
42068,0.86,0.3
42069,1.03,0.28
42070,2.01,0.05
42071,0.98,0.06
42072,1.2,0.17
42073,2.49,0.86
42074,2.05,0.98
42075,1.68,0.54
42076,0.86,0.26
42077,1.23,0.34
42078,0.89,0.53
42079,1.02,<Samp
42080,1.12,InVld
42081,1.11,InVld
42082,1.37,InVld
42083,0.94,InVld
42084,0.62,InVld
42085,0.49,InVld
42086,0.93,Calib
42087,1.62,<Samp
42088,1.94,0.64
42089,1.31,0.72
42090,1.48,0.95
42091,0.82,1.28
42092,0.6,0.37
42093,0.97,0.39
42094,0.83,0.29
42095,0.89,0.24
42096,0.72,0.17
42097,1.03,0.16
42098,1.85,0.46
42099,0.41,0.08
42100,1.13,0.18
42101,1,0.22
42102,1.05,0.57
42103,1.03,1.35
42104,0.48,0.14
42105,0.46,0.11
42106,0.55,0.18
42107,0.69,0.18
42108,0.74,0.22
42109,0.94,0.18
42110,0.89,0.34
42111,0.83,0.14
42112,0.81,0.14
42113,0.48,0.14
42114,Calib,0.28
42115,<Samp,0.47
42116,Calib,0.11
42117,Calib,0.06
42118,0.49,0.05
42119,0.57,0.1
42120,0.71,0.26
42121,1.41,0.61
42122,1.87,1.25
42123,2.51,2.37
42124,<Samp,0.86
42125,<Samp,0.18
42126,0.81,0.09
42127,0.57,0.11
42128,1.14,0.05
42129,0.82,0.05
42130,0.92,0.09
42131,2.36,0.12
42132,2.08,0.81
42133,0.98,0.33
42134,0.45,0.24
42135,0.57,0.04
42136,1.1,0.35
42137,1.22,0.12
42138,1.09,0.22
42139,0.68,0.03
42140,0.6,0.02
42141,0.64,0.15
42142,1.16,0.34
42143,1.1,0.34
42144,1.19,0.23
42145,1.13,0.02
42146,0.8,0.01
42147,0.44,0
42148,0.24,0.17
42149,0.81,0.76
42150,1.45,1.29
42151,1.23,0.66
42152,<Samp,1.86
42153,<Samp,0.46
42154,0.34,0.76
42155,0.26,0.81
42156,0.78,0.41
42157,0.79,0.44
42158,0.66,0.48
42159,1.04,0.44
42160,0.79,0.41
42161,0.52,0.45
42162,0.47,0.4
42163,0.87,0.38
42164,<Samp,0.96
42165,<Samp,0.68
42166,0.57,0.62
42167,0.66,0.51
42168,0.54,0.52
42169,0.23,0.77
42170,0.55,0.41
42171,0.56,0.34
42172,0.81,0.31
42173,0.78,0.31
42174,0.77,0.34
42175,0.69,0.82
42176,0.21,0.31
42177,0.49,0.23
42178,0.6,0.24
42179,0.5,0.28
42180,0.43,0.27
42181,0.46,0.23
42182,0.36,0.19
42183,0.57,0.34
42184,0.65,0.37
42185,0.57,0.23
42186,0.63,0.24
42187,0.94,0.22
42188,0.82,0.23
42189,0.46,0.16
42190,0.49,0.17
42191,1.54,0.35
42192,0.73,0.25
42193,0.57,0.24
42194,0.6,0.23
42195,0.94,0.22
42196,0.58,0.18
42197,0.27,0.13
42198,0.53,0.25
42199,0.72,0.25
42200,0.77,0.23
42201,0.69,0.24
42202,0.79,0.34
42203,0.56,0.31
42204,0.42,0.18
42205,0.78,0.29
42206,0.82,0.28
42207,0.95,0.37
42208,0.91,0.46
42209,<Samp,0.41
42210,0.93,0.49
42211,0.81,0.19
42212,0.93,0.25
42213,1.12,<Samp
42214,1.87,0.25
42215,1.27,0.5
42216,<Samp,0.54
42217,InVld,0.5
42218,InVld,0.24
42219,<Samp,0.5
42220,InVld,<Samp
42221,InVld,0.02
42222,InVld,0.08
42223,InVld,0.21
42224,InVld,0.57
42225,InVld,1.25
42226,InVld,0.43
42227,0.95,0.26
42228,0.66,0.32
42229,0.65,0.33
42230,0.77,0.29
42231,0.71,0.34
42232,0.39,0.16
42233,0.98,0.62
42234,1,0.43
42235,0.89,0.25
42236,0.81,0.28
42237,0.85,0.24
42238,0.52,0.16
42239,0.35,0.17
42240,0.62,0.26
42241,0.52,0.22
42242,0.63,0.14
42243,0.78,0.24
42244,0.93,0.43
42245,0.79,0.33
42246,0.44,0.28
42247,0.66,0.34
42248,0.7,0.32
42249,0.85,0.37
42250,1.34,0.44
42251,0.98,0.34
42252,0.64,0.22
42253,0.43,0.13
42254,1.01,0.21
42255,1.24,0.33
42256,1.68,0.72
42257,1.39,0.72
42258,1.56,0.47
42259,1.31,0.49
42260,0.61,0.22
42261,0.96,0.24
42262,0.54,0.24
42263,0.56,0.25
42264,0.84,0.31
42265,0.93,0.55
42266,0.72,0.4
42267,0.42,0.42
42268,1.02,0.98
42269,1.06,0.41
42270,1.05,0.58
42271,0.76,0.52
42272,1.14,0.57
42273,0.92,0.64
42274,0.57,0.64
42275,0.88,0.59
42276,0.4,0.2
42277,0.81,0.29
42278,1.29,0.51
42279,1.21,0.29
42280,0.64,0.3
42281,0.55,0.38
42282,0.63,0.53
42283,0.8,0.15
42284,0.74,0.32
42285,0.6,0.47
42286,0.63,0.47
42287,0.42,0.42
42288,0.58,0.24
42289,1.08,0.88
42290,1.31,1.1
42291,1,0.76
42292,0.9,0.75
42293,1.47,0.76
42294,1.35,1.05
42295,1.02,1.07
42296,1.59,1.49
42297,1.62,1.25
42298,1.05,0.76
42299,0.89,1.15
42300,1.62,1.23
42301,1.75,2.19
42302,1.27,0.65
42303,1.65,1.54
42304,1.11,1.38
42305,0.86,0.66
42306,0.7,0.91
42307,0.86,0.84
42308,0.71,0.89
42309,0.83,1.07
42310,1.17,1.38
42311,0.92,0.67
42312,0.79,0.34
42313,0.85,0.36
42314,1.69,0.71
42315,1.57,1.1
42316,0.78,0.22
42317,1.2,0.4
42318,0.69,0.21
42319,0.95,0.84
42320,1.18,<Samp
42321,1.83,2
42322,0.89,2.4
42323,0.79,1.85
42324,2.27,2.73
42325,1.69,3
42326,0.83,0.94
42327,1.02,0.86
42328,1.23,1.55
42329,1.49,1.93
42330,0.69,1.25
42331,<Samp,1.44
42332,InVld,1.09
42333,<Samp,1.49
42334,0.94,1.49
42335,1.56,1.29
42336,1.67,2.82
42337,0.97,2.26
42338,1.17,2.54
42339,0.95,1.34
42340,0.82,0.74
42341,0.89,0.89
42342,0.98,0.81
42343,0.85,0.95
42344,0.89,1.03
42345,1.55,2.28
42346,<Samp,2.25
42347,InVld,3.23
42348,1.66,3.21
42349,1.94,3.66
42350,2.51,3.07
42351,1.57,2.17
42352,1.92,1.39
42353,1.38,1.6
42354,1.51,1.62
42355,2.16,1.94
42356,1.13,1.75
42357,0.74,0.98
42358,1.71,1.67
42359,1.85,1.67
42360,1.65,2.13
42361,1.23,2.18
42362,1.16,2.06
42363,1.65,3.05
42364,2.12,3.11
42365,0.97,1.88
42366,1.3,1.72
42367,0.86,0.79
42368,1.3,0.94
42369,1.2,1.41
42370,0.77,0.68
42371,0.5,0.4
42372,0.45,0.14
42373,0.76,0.36
42374,0.87,0.67
42375,0.78,0.25
42376,1.58,<Samp
42377,1.86,1.85
42378,0.58,0.38
42379,0.53,0.5
42380,1.43,1.56
42381,1.91,2.66
42382,2.34,2.42
42383,2.38,2.77
42384,1.27,1.72
42385,0.91,1.33
42386,1.09,1.56
42387,1.43,1.1
42388,0.66,0.22
42389,0.73,0.68
42390,1.65,1.34
42391,1.99,2.22
42392,1.96,2.57
42393,0.62,<Samp
42394,0.68,NoData
42395,0.8,InVld
42396,1.02,<Samp
42397,1.51,1.06
42398,1.87,1.28
42399,1.51,1.59
42400,1.54,1.49
42401,2.06,2.26
42402,1.83,2.34
42403,1.38,2.1
42404,1.25,1.62
42405,1.12,2.09
42406,1.01,2.35
42407,0.54,0.69
42408,0.87,0.83
42409,1.2,1.07
42410,1.33,1.58
42411,1.16,1.81
42412,1.42,1.21
42413,2.22,2.03
42414,1.34,2.17
42415,1.83,2.66
42416,1.26,2.13
42417,1.61,2.18
42418,1.37,1.67
42419,1.61,1.97
42420,1.44,1.52
42421,0.53,0.33
42422,0.66,0.58
42423,0.19,0.77
42424,<Samp,0.99
42425,0.95,1.39
42426,2.06,2.19
42427,2.13,2.29
42428,1.06,1.4
42429,1.73,1.38
42430,2.08,1.83
42431,1.61,1.65
42432,1.66,1.44
42433,0.98,0.94
42434,0.94,1.08
42435,0.69,0.85
42436,1.09,0.67
42437,1.77,1.67
42438,1.61,0.9
42439,2.25,3.23
42440,1.08,1.47
42441,0.82,1.08
42442,1.06,0.75
42443,2.21,2.28
42444,0.59,0.72
42445,0.62,0.67
42446,0.6,0.57
42447,0.66,0.67
42448,0.68,0.85
42449,1.3,1.99
42450,0.67,0.86
42451,0.62,0.69
42452,0.97,0.78
42453,1.81,2.13
42454,1.06,1.52
42455,1.17,1.04
42456,0.68,0.75
42457,1.9,0.56
42458,0.69,0.58
42459,0.73,0.56
42460,<Samp,0.85
42461,2.27,1.52
42462,1.1,1.63
42463,0.65,1.32
42464,1.38,1.9
42465,1.46,0.95
42466,1.77,1.54
42467,1.73,0.64
42468,1.18,<Samp
42469,1.86,<Samp
42470,0.56,1.07
42471,1.28,0.9
42472,0.82,0.56
42473,0.54,0.53
42474,0.6,0.54
42475,0.68,0.64
42476,0.67,0.7
42477,0.58,1.43
42478,1.39,<Samp
42479,1.38,InVld
42480,1.65,InVld
42481,1.86,InVld
42482,1.7,InVld
42483,1.27,InVld
42484,1.03,InVld
42485,1.4,InVld
42486,0.83,InVld
42487,0.7,InVld
42488,0.56,InVld
42489,0.41,Down
42490,0.41,Down
42491,1.2,Down
42492,1.26,Down
42493,0.61,Down
42494,1.57,Down
42495,1.23,Down
42496,1.02,Down
42497,0.67,Down
42498,0.38,Down
42499,<Samp,Down
42500,<Samp,Down
42501,0.96,Down
42502,0.6,Down
42503,0.67,Down
42504,0.8,Down
42505,0.79,Down
42506,1.37,Down
42507,2.72,Down
42508,1.35,Down
42509,0.47,Down
42510,0.84,Down
42511,1.01,Down
42512,0.88,Down
42513,1.04,Down
42514,0.42,Down
42515,0.45,Down
42516,1.34,Down
42517,3,Down
42518,0.35,Down
42519,0.23,Down
42520,0.7,Down
42521,0.84,Down
42522,1.01,Down
42523,1,Down
42524,1.02,Down
42525,1.61,Down
42526,0.71,Down
42527,0.99,Down
42528,0.71,Down
42529,0.88,Down
42530,1.44,Down
42531,0.59,Down
42532,0.47,Down
42533,0.18,Down
42534,0.64,Down
42535,1.74,Down
42536,1.35,Down
42537,0.9,Down
42538,0.67,Down
42539,0.68,Down
42540,0.49,Down
42541,1.13,Down
42542,1.15,Down
42543,0.91,Down
42544,<Samp,Down
42545,0.95,Down
42546,0.74,Down
42547,0.4,Down
42548,0.9,Down
42549,1.03,Down
42550,0.45,Down
42551,0.54,Down
42552,0.8,Down
42553,0.61,Down
42554,0.33,Down
42555,0.57,Down
42556,0.55,Down
42557,0.54,Down
42558,0.67,Down
42559,0.59,Down
42560,0.46,Down
42561,0.44,Down
42562,0.69,Down
42563,0.87,Down
42564,1.15,Down
42565,0.72,Down
42566,0.72,Down
42567,<Samp,Down
42568,NoData,Down
42569,NoData,Down
42570,<Samp,Down
42571,0.66,Down
42572,0.63,Down
42573,0.57,Down
42574,0.46,Down
42575,0.31,Down
42576,0.49,Down
42577,0.68,Down
42578,0.97,Down
42579,0.97,Down
42580,0.8,Down
42581,0.66,Down
42582,0.42,Down
42583,0.76,Down
42584,0.94,Down
42585,0.82,Down
42586,0.89,Down
42587,0.82,Down
42588,0.75,Down
42589,0.38,Down
42590,0.63,Down
42591,0.41,Down
42592,0.61,Down
42593,0.5,Down
42594,0.54,Down
42595,0.45,Down
42596,0.37,Down
42597,0.4,InVld
42598,0.43,InVld
42599,0.58,InVld
42600,0.53,InVld
42601,0.4,InVld
42602,0.39,InVld
42603,0.38,InVld
42604,0.67,InVld
42605,0.52,InVld
42606,0.39,InVld
42607,0.45,InVld
42608,0.41,InVld
42609,0.35,InVld
42610,0.65,InVld
42611,0.46,InVld
42612,InVld,InVld
42613,InVld,InVld
42614,Down,InVld
42615,Down,InVld
42616,Down,InVld
42617,Down,InVld
42618,Down,Down
42619,Down,Down
42620,Down,Down
42621,Down,Down
42622,Down,Down
42623,Down,Down
42624,Down,Down
42625,Down,Down
42626,Down,Down
42627,Down,Down
42628,Down,Down
42629,Down,Down
42630,Down,Down
42631,Down,Down
42632,Down,Down
42633,Down,Down
42634,Down,Down
42635,Down,Down
42636,Down,Down
42637,Down,Down
42638,Down,Down
42639,Down,Down
42640,Down,Down
42641,Down,Down
42642,Down,Down
42643,Down,Down
42644,Down,Down
42645,Down,Down
42646,Down,Down
42647,Down,Down
42648,Down,Down
42649,Down,Down
42650,Down,Down
42651,Down,Down
42652,Down,Down
42653,Down,Down
42654,<Samp,Down
42655,0.83,Down
42656,0.89,Down
42657,1.78,Down
42658,1.2,Down
42659,1.05,Down
42660,1.14,Down
42661,0.85,Down
42662,0.63,Down
42663,0.7,Down
42664,1.08,Down
42665,0.88,Down
42666,0.33,Down
42667,<Samp,Down
42668,NoData,Down
42669,<Samp,Down
42670,1.6,Down
42671,1.4,Down
42672,0.53,Down
42673,1.06,Down
42674,1.17,Down
42675,0.73,Down
42676,0.53,Down
42677,0.97,Down
42678,1.23,Down
42679,1.43,Down
42680,0.58,Down
42681,1.18,Down
42682,4,Down
42683,2.26,Down
42684,2.3,Down
42685,1.55,Down
42686,1.39,Down
42687,1.34,Down
42688,2.67,Down
42689,2.95,Down
42690,1.52,Down
42691,0.4,Down
42692,0.56,Down
42693,0.53,Down
42694,0.39,Down
42695,0.4,Down
42696,0.35,Down
42697,0.31,Down
42698,0.24,Down
42699,<Samp,Down
42700,0.17,Down
42701,0.19,Down
42702,0.17,Down
42703,0.25,Down
42704,0.4,Down
42705,0.2,Down
42706,0.14,Down
42707,0.07,Down
42708,0.01,Down
42709,0.19,Down
42710,0.31,NoData
42711,0.33,Down
42712,0.29,Down
42713,0.3,Down
42714,0.23,Down
42715,0.19,Down
42716,0.24,Down
42717,0.33,Down
42718,0.16,Down
42719,0.12,Down
42720,0.19,Down
42721,0.15,Down
42722,0.15,Down
42723,<Samp,Down
42724,NoData,Down
42725,NoData,Down
42726,NoData,Down
42727,NoData,Down
42728,NoData,Down
42729,NoData,Down
42730,NoData,Down
42731,NoData,Down
42732,NoData,Down
42733,NoData,Down
42734,NoData,Down
42735,NoData,Down
42736,NoData,Down
42737,NoData,Down
42738,NoData,Down
42739,NoData,Down
42740,NoData,Down
42741,NoData,Down
42742,NoData,Down
42743,NoData,Down
42744,NoData,Down
42745,NoData,Down
42746,NoData,Down
42747,NoData,Down
42748,NoData,Down
42749,NoData,Down
42750,NoData,NoData
42751,NoData,Down
42752,NoData,Down
42753,NoData,Down
42754,NoData,Down
42755,NoData,Down
42756,NoData,Down
42757,NoData,Down
42758,NoData,Down
42759,NoData,Down
42760,NoData,Down
42761,NoData,Down
42762,NoData,Down
42763,NoData,Down
42764,NoData,Down
42765,NoData,Down
42766,NoData,Down
42767,NoData,Down
42768,NoData,Down
42769,NoData,Down
42770,NoData,Down
42771,NoData,Down
42772,NoData,Down
42773,NoData,Down
42774,NoData,Down
42775,NoData,Down
42776,NoData,Down
42777,NoData,Down
42778,NoData,Down
42779,NoData,Down
42780,NoData,Down
42781,NoData,Down
42782,NoData,Down
42783,NoData,Down
42784,NoData,Down
42785,NoData,Down
42786,NoData,Down
42787,NoData,Down
42788,NoData,Down
42789,NoData,Down
42790,NoData,Down
42791,NoData,Down
42792,NoData,Down
42793,NoData,Down
42794,NoData,Down
42795,NoData,Down
42796,NoData,Down
42797,NoData,Down
42798,NoData,Down
42799,NoData,Down
42800,<Samp,Down
42801,Calib,Down
42802,<Samp,Down
42803,Calib,Down
42804,<Samp,Down
42805,1.46,Down
42806,0.5,Down
42807,0.78,Down
42808,0.82,Down
42809,3.11,Down
42810,<Samp,Down
42811,0.8,Down
42812,0.86,Down
42813,0.96,Down
42814,0.66,Down
42815,0.58,Down
42816,2.46,Down
42817,1.86,Down
42818,1.06,Down
42819,0.87,Down
42820,0.64,Down
42821,1.15,Down
42822,0.93,Down
42823,0.8,Down
42824,1.33,Down
42825,0.87,Down
42826,0.65,Down
42827,0.38,Down
42828,0.51,Down
42829,0.88,Down
42830,0.95,Down
42831,0.64,Down
42832,0.9,Down
42833,0.36,Down
42834,0.33,Down
42835,0.68,Down
42836,1.52,Down
42837,1.74,Down
42838,1.03,Down
42839,0.68,Down
42840,0.36,Down
42841,0.33,Down
42842,0.54,Down
42843,0.56,Down
42844,0.78,Down
42845,0.87,Down
42846,1.16,Down
42847,0.82,Down
42848,0.5,Down
42849,0.62,Down
42850,<Samp,Down
42851,InVld,Down
42852,<Samp,Down
42853,0.84,Down
42854,0.55,Down
42855,0.64,Down
42856,1.2,Down
42857,0.91,Down
42858,0.51,Down
42859,0.56,Down
42860,0.59,Down
42861,0.59,Down
42862,0.32,Down
42863,0.54,Down
42864,1.03,Down
42865,0.84,Down
42866,1.15,Down
42867,0.57,Down
42868,0.48,Down
42869,0.69,Down
42870,1.52,Down
42871,0.5,Down
42872,0.81,Down
42873,0.77,Down
42874,1.05,Down
42875,0.6,Down
42876,0.18,Down
42877,0.62,Down
42878,0.94,Down
42879,0.33,Down
42880,<Samp,Down
42881,1.19,Down
42882,0.49,Down
42883,0.88,Down
42884,0.58,Down
42885,0.69,Down
42886,0.49,Down
42887,0.23,Down
42888,0.52,Down
42889,0.42,Down
42890,0.43,Down
42891,0.92,Down
42892,0.59,Down
42893,0.58,Down
42894,0.86,Down
42895,0.77,Down
42896,0.92,Down
42897,0.18,Down
42898,0.62,Down
42899,0.67,Down
42900,<Samp,Down
42901,InVld,Down
42902,InVld,Down
42903,InVld,Down
42904,InVld,Down
42905,<Samp,Down
42906,0.59,Down
42907,<Samp,Down
42908,0.45,Down
42909,0.51,Down
42910,0.45,Down
42911,0.36,Down
42912,0.56,Down
42913,0.89,Down
42914,0.76,Down
42915,0.53,Down
42916,0.62,Down
42917,0.69,Down
42918,0.67,Down
42919,1.29,Down
42920,0.86,Down
42921,0.83,Down
42922,2.34,Down
42923,1.73,Down
42924,1.55,Down
42925,1.13,Down
42926,1.27,Down
42927,0.74,Down
42928,0.59,Down
42929,0.77,Down
42930,0.63,Down
42931,0.51,Down
42932,0.25,Down
42933,<Samp,Down
42934,<Samp,Down
42935,2.14,Down
42936,1.52,Down
42937,1.97,Down
42938,2.15,Down
42939,0.9,Down
42940,<Samp,Down
42941,1.75,Down
42942,1.11,Down
42943,0.64,Down
42944,0.62,Down
42945,0.87,Down
42946,0.16,Down
42947,1.09,Down
42948,<Samp,Down
42949,NoData,Down
42950,NoData,Down
42951,InVld,Down
42952,InVld,Down
42953,InVld,Down
42954,Calib,Down
42955,<Samp,Down
42956,0.22,Down
42957,0.43,Down
42958,0.13,Down
42959,0.18,Down
42960,0.12,Down
42961,0.39,Down
42962,0.4,Down
42963,0.35,Down
42964,0.17,Down
42965,0.12,Down
42966,0.15,Down
42967,0.14,Down
42968,0.51,Down
42969,0.24,Down
42970,<Samp,Down
42971,<Samp,Down
42972,0.16,Down
42973,0.09,Down
42974,0.09,Down
42975,0.27,Down
42976,0.09,Down
42977,0.12,Down
42978,<Samp,Down
42979,<Samp,Down
42980,0.08,Down
42981,0.12,Down
42982,0.18,Down
42983,0.43,Down
42984,0.26,Down
42985,0.05,Down
42986,0.12,Down
42987,0.61,Down
42988,0.13,Down
42989,0.15,Down
42990,0.44,Down
42991,0.97,Down
42992,0.65,Down
42993,0.49,Down
42994,0.43,Down
42995,0.02,Down
42996,0.05,Down
42997,0.52,Down
42998,0.26,Down
42999,0.05,Down
43000,<Samp,Down
43001,NoData,Down
43002,NoData,Down
43003,<Samp,Down
43004,<Samp,Down
43005,<Samp,Down
43006,0.5,Down
43007,0.52,Down
43008,0.33,Down
43009,0.14,Down
43010,0.8,Down
43011,1.2,Down
43012,0.62,Down
43013,0.51,Down
43014,0.19,Down
43015,0.36,Down
43016,0.23,Down
43017,0.53,Down
43018,0.16,Down
43019,0.29,Down
43020,0.37,Down
43021,0.15,Down
43022,0.33,Down
43023,0.13,Down
43024,0.67,Down
43025,0.55,Down
43026,0.91,Down
43027,1.15,Down
43028,Calib,Down
43029,InVld,Down
43030,InVld,Down
43031,InVld,Down
43032,NoData,Down
43033,NoData,Down
43034,NoData,Down
43035,NoData,Down
43036,NoData,Down
43037,NoData,Down
43038,NoData,Down
43039,NoData,Down
43040,NoData,Down
43041,NoData,Down
43042,NoData,Down
43043,NoData,Down
43044,NoData,Down
43045,NoData,Down
43046,NoData,Down
43047,NoData,Down
43048,NoData,Down
43049,NoData,Down
43050,NoData,Down
43051,NoData,NoData
43052,NoData,NoData
43053,NoData,NoData
43054,NoData,NoData
43055,NoData,Down
43056,NoData,Down
43057,NoData,Down
43058,NoData,Down
43059,NoData,Down
43060,NoData,Down
43061,NoData,Down
43062,NoData,Down
43063,NoData,Down
43064,NoData,Down
43065,NoData,Down
43066,NoData,Down
43067,NoData,Down
43068,Down,Down
43069,<Samp,Down
43070,1.4,Down
43071,1.27,Down
43072,0.82,Down
43073,1.11,Down
43074,1.31,Down
43075,1.45,Down
43076,0.62,Down
43077,0.85,Down
43078,1.52,Down
43079,0.9,Down
43080,2.05,Down
43081,3.07,Down
43082,1.4,Down
43083,1.87,Down
43084,0.38,Down
43085,0.25,Down
43086,0.47,Down
43087,1.35,Down
43088,2.46,Down
43089,2.54,Down
43090,<Samp,Down
43091,InVld,Down
43092,Down,Down
43093,Down,Down
43094,Down,Down
43095,Down,Down
43096,Down,Down
43097,<Samp,Down
43098,InVld,Down
43099,InVld,Down
43100,InVld,Down
43101,InVld,Down
43102,InVld,Down
43103,InVld,Down
43104,InVld,Down
43105,InVld,Down
43106,InVld,Down
43107,InVld,Down
43108,InVld,Down
43109,InVld,Down
43110,<Samp,Down
43111,InVld,Down
43112,InVld,Down
43113,InVld,Down
43114,InVld,Down
43115,InVld,Down
43116,Down,Down
43117,Down,Down
43118,Down,Down
43119,Down,Down
43120,Down,Down
43121,Down,Down
43122,Down,Down
43123,Down,Down
43124,Down,Down
43125,Down,Down
43126,Down,Down
43127,Down,Down
43128,Down,Down
43129,Down,Down
43130,Down,Down
43131,Down,Down
43132,Down,Down
43133,Down,Down
43134,Down,Down
43135,Down,Down
43136,Calib,Down
43137,1.49,Down
43138,1.12,Down
43139,1.19,Down
43140,0.86,Down
43141,0.77,Down
43142,0.45,Down
43143,0.98,Down
43144,0.7,Down
43145,0.43,Down
43146,0.76,Down
43147,0.61,Down
43148,0.81,Down
43149,0.25,Down
43150,0.4,Down
43151,0.43,Down
43152,1.13,Down
43153,1.97,Down
43154,1.06,Down
43155,1.01,Down
43156,0.46,Down
43157,0.22,Down
43158,0.54,Down
43159,0.74,Down
43160,0.52,Down
43161,0.73,Down
43162,1.35,Down
43163,0.84,Down
43164,1.09,Down
43165,0.81,Down
43166,0.82,Down
43167,0.76,Down
43168,0.88,Down
43169,0.39,Down
43170,0.28,Down
43171,0.79,Down
43172,1.07,Down
43173,1.08,Down
43174,0.75,Down
43175,0.75,Down
43176,0.38,Down
43177,0.35,Down
43178,1.14,Down
43179,1.52,Down
43180,0.73,Down
43181,1.13,Down
43182,1.2,Down
43183,0.71,Down
43184,0.33,Down
43185,0.72,Down
43186,1.78,Down
43187,1.78,Down
43188,1.17,Down
43189,0.46,Down
43190,0.93,Down
43191,<Samp,Down
43192,InVld,Down
43193,Down,Down
43194,Down,Down
43195,Down,Down
43196,Down,Down
43197,Down,Down
43198,Down,Down
43199,Down,Down
43200,Down,Down
43201,Down,Down
43202,NoData,Down
43203,<Samp,Down
43204,0.76,Down
43205,0.29,Down
43206,0.77,Down
43207,<Samp,Down
43208,1.11,Down
43209,1.62,Down
43210,1.22,Down
43211,0.43,Down
43212,0.22,Down
43213,0.62,Down
43214,0.8,Down
43215,1.05,Down
43216,0.79,Down
43217,0.79,Down
43218,0.53,Down
43219,0.2,Down
43220,1.02,Down
43221,1.19,Down
43222,0.9,Down
43223,1.3,Down
43224,2.44,Down
43225,1.5,Down
43226,0.46,Down
43227,0.93,Down
43228,0.53,Down
43229,0.43,Down
43230,0.4,Down
43231,0.83,Down
43232,0.47,Down
43233,0.12,Down
43234,0.43,Down
43235,0.55,Down
43236,0.73,Down
43237,0.73,Down
43238,0.99,Down
43239,0.76,Down
43240,0.34,Down
43241,0.64,Down
43242,0.76,Down
43243,1.16,Down
43244,0.51,Down
43245,0.72,Down
43246,0.73,Down
43247,0.41,Down
43248,0.97,Down
43249,0.87,Down
43250,0.98,Down
43251,0.54,Down
43252,0.47,Down
43253,0.39,Down
43254,0.11,Down
43255,0.56,Down
43256,0.49,Down
43257,0.63,Down
43258,<Samp,Down
43259,<Samp,Down
43260,0.29,Down
43261,0.16,Down
43262,Calib,Down
43263,0.44,Down
43264,0.3,Down
43265,Calib,Down
43266,Calib,Down
43267,Calib,Down
43268,Calib,Down
43269,Calib,Down
43270,0.48,Down
43271,0.66,Down
43272,0.68,Down
43273,0.78,Down
43274,0.52,Down
43275,0.17,Down
43276,0.55,Down
43277,0.52,Down
43278,0.55,Down
43279,0.78,Down
43280,0.62,Down
43281,0.25,Down
43282,0.09,Down
43283,0.45,Down
43284,0.57,Down
43285,0.55,Down
43286,0.51,Down
43287,<Samp,Down
43288,0.34,Down
43289,0.16,Down
43290,0.69,Down
43291,0.83,Down
43292,0.61,Down
43293,0.44,Down
43294,0.38,Down
43295,0.23,Down
43296,0.16,Down
43297,0.58,Down
43298,0.63,Down
43299,0.64,Down
43300,0.78,Down
43301,0.55,Down
43302,0.21,Down
43303,0.09,Down
43304,0.25,Down
43305,0.4,Down
43306,0.56,Down
43307,0.94,Down
43308,0.23,Down
43309,0.26,Down
43310,0.09,Down
43311,0.24,Down
43312,0.27,Down
43313,0.33,Down
43314,<Samp,Down
43315,0.23,Down
43316,0.21,Down
43317,0.11,Down
43318,0.29,Down
43319,0.35,Down
43320,0.29,Down
43321,0.26,Down
43322,0.18,Down
43323,0.21,Down
43324,0.21,Down
43325,0.18,Down
43326,0.25,Down
43327,0.2,Down
43328,0.18,Down
43329,0.16,Down
43330,0.22,Down
43331,0.11,Down
43332,0.25,Down
43333,0.19,NoData
43334,0.24,NoData
43335,0.22,NoData
43336,0.27,NoData
43337,0.43,NoData
43338,0.33,NoData
43339,0.24,Down
43340,0.32,Down
43341,0.44,Down
43342,0.62,Down
43343,0.6,Down
43344,0.52,Down
43345,0.3,Down
43346,0.99,Down
43347,0.83,Down
43348,0.84,Down
43349,0.64,Down
43350,0.44,Down
43351,0.36,Down
43352,0.17,Down
43353,0.37,Down
43354,0.17,Down
43355,0.35,Down
43356,0.87,Down
43357,0.78,Down
43358,0.4,Down
43359,0.16,Down
43360,0.64,Down
43361,0.7,Down
43362,0.47,Down
43363,0.24,Down
43364,0.69,Down
43365,0.66,Down
43366,0.27,Down
43367,0.69,Down
43368,0.36,Down
43369,0.61,Down
43370,0.68,Down
43371,0.73,Down
43372,0.78,Down
43373,0.28,Down
43374,1.13,Down
43375,<Samp,Down
43376,InVld,Down
43377,Calib,Down
43378,<Samp,Down
43379,0.39,Down
43380,0.22,Down
43381,0.55,Down
43382,0.52,Down
43383,0.54,Down
43384,0.57,Down
43385,1.26,Down
43386,0.47,Down
43387,0.31,Down
43388,0.58,Down
43389,0.51,Down
43390,0.48,Down
43391,0.58,Down
43392,0.67,Down
43393,0.51,Down
43394,0.21,Down
43395,0.69,Down
43396,1.29,Down
43397,0.6,Down
43398,0.49,Down
43399,0.52,Down
43400,0.26,Down
43401,0.23,Down
43402,<Samp,Down
43403,InVld,Down
43404,InVld,Down
43405,InVld,Down
43406,Down,Down
43407,Down,Down
43408,<Samp,Down
43409,0.7,Down
43410,0.54,Down
43411,0.64,Down
43412,1.12,Down
43413,1.02,Down
43414,0.57,Down
43415,0.31,Down
43416,0.73,Down
43417,0.76,Down
43418,0.89,Down
43419,<Samp,Down
43420,<Samp,Down
43421,0.38,Down
43422,0.54,Down
43423,1.1,Down
43424,0.72,Down
43425,1.56,<Samp
43426,1.32,1.62
43427,0.88,1.31
43428,0.67,0.58
43429,0.42,0.81
43430,0.73,1.07
43431,1.29,0.98
43432,1.22,<Samp
43433,1.26,Calib
43434,2.17,<Samp
43435,0.95,InVld
43436,0.47,Calib
43437,1.06,<Samp
43438,1.16,1.59
43439,0.8,0.89
43440,0.63,0.68
43441,0.51,0.61
43442,0.58,<Samp
43443,0.49,InVld
43444,1.43,<Samp
43445,1.1,0.74
43446,0.57,0.52
43447,0.43,0.47
43448,0.75,0.44
43449,0.86,0.7
43450,0.38,0.49
43451,1.13,0.71
43452,0.76,0.5
43453,1,0.42
43454,0.95,<Samp
43455,0.79,0.31
43456,0.78,0.39
43457,0.64,0.43
43458,1.42,<Samp
43459,1.11,1.08
43460,1.5,1.07
43461,0.7,0.77
43462,0.58,0.37
43463,0.62,0.48
43464,0.47,0.39
43465,0.92,0.49
43466,1,<Samp
43467,1.05,<Samp
43468,<Samp,0.99
43469,<Samp,0.75
43470,1.07,0.91
43471,0.71,1.02
43472,0.57,0.51
43473,0.55,0.61
43474,0.5,0.61
43475,0.85,0.82
43476,1.44,1.21
43477,0.89,1.71
43478,0.84,1.4
43479,0.81,1.4
43480,0.62,0.65
43481,0.58,0.72
43482,0.39,<Samp
43483,0.56,InVld
43484,0.6,InVld
43485,0.66,InVld
43486,1.08,InVld
43487,<Samp,InVld
43488,InVld,InVld
43489,<Samp,InVld
43490,1,InVld
43491,1.7,InVld
43492,0.44,InVld
43493,0.91,InVld
43494,0.7,InVld
43495,0.93,<Samp
43496,0.86,InVld
43497,0.71,<Samp
43498,1.03,NoData
43499,0.54,NoData
43500,0.96,<Samp
43501,0.74,1.52
43502,0.71,0.89
43503,0.64,1.03
43504,0.51,0.9
43505,0.67,1.1
43506,0.39,0.6
43507,0.71,0.79
43508,1.26,0.93
43509,0.7,1
43510,0.85,1.62
43511,0.83,1.09
43512,0.41,0.52
43513,0.48,0.48
43514,0.9,0.69
43515,0.82,<Samp
43516,0.75,NoData
43517,0.81,NoData
43518,0.97,Calib
43519,0.85,1.49
43520,0.79,1.06
43521,1.13,1.35
43522,0.94,1.56
43523,0.73,0.74
43524,0.49,0.49
43525,0.48,0.37
43526,0.43,0.39
43527,0.64,0.43
43528,0.95,0.77
43529,0.59,0.84
43530,0.67,0.89
43531,0.69,0.85
43532,0.45,<Samp
43533,0.43,InVld
43534,0.66,InVld
43535,1.17,InVld
43536,0.4,InVld
43537,0.75,NoData
43538,0.77,NoData
43539,0.41,NoData
43540,0.38,NoData
43541,0.35,NoData
43542,0.5,NoData
43543,0.57,<Samp
43544,0.75,1.2
43545,0.62,1.1
43546,0.69,1.09
43547,0.56,0.84
43548,0.49,0.89
43549,0.62,<Samp
43550,0.48,0.86
43551,0.57,0.91
43552,0.52,0.91
43553,0.63,0.76
43554,0.82,1.01
43555,0.36,0.66
43556,0.47,<Samp
43557,0.51,0.7
43558,0.33,0.8
43559,<Samp,1.31
43560,<Samp,1.04
43561,0.49,0.55
43562,0.69,0.7
43563,1.05,<Samp
43564,1.37,1.22
43565,1.07,0.68
43566,0.44,0.25
43567,0.65,0.54
43568,0.52,0.39
43569,0.88,0.66
43570,0.61,<Samp
43571,0.65,InVld
43572,0.5,InVld
43573,0.43,InVld
43574,0.46,InVld
43575,0.7,InVld
43576,0.32,InVld
43577,0.29,InVld
43578,0.32,InVld
43579,0.62,InVld
43580,0.81,InVld
43581,0.67,InVld
43582,0.39,InVld
43583,0.4,0.51
43584,0.74,<Samp
43585,0.87,<Samp
43586,0.69,1.06
43587,1.07,1.58
43588,0.71,1.25
43589,0.41,0.46
43590,0.41,0.34
43591,1.11,0.85
43592,0.86,1.66
43593,0.33,0.49
43594,0.3,0.38
43595,0.33,0.38
43596,0.38,0.41
43597,0.42,0.58
43598,0.69,0.57
43599,0.66,0.87
43600,0.83,0.79
43601,0.75,<Samp
43602,0.8,InVld
43603,0.85,InVld
43604,0.24,Down
43605,0.52,<Samp
43606,<Samp,<Samp
43607,InVld,0.57
43608,InVld,<Samp
43609,InVld,Calib
43610,InVld,InVld
43611,InVld,InVld
43612,NoData,InVld
43613,InVld,Down
43614,InVld,Down
43615,InVld,Down
43616,InVld,InVld
43617,InVld,InVld
43618,InVld,InVld
43619,InVld,InVld
43620,InVld,InVld
43621,InVld,InVld
43622,NoData,InVld
43623,<Samp,InVld
43624,0.81,InVld
43625,0.26,Calib
43626,0.2,Calib
43627,0.43,Calib
43628,0.54,InVld
43629,0.52,InVld
43630,0.3,InVld
43631,0.31,Down
43632,0.24,Down
43633,0.49,InVld
43634,0.39,<Samp
43635,0.39,0.89
43636,0.54,0.86
43637,0.37,0.78
43638,0.3,0.66
43639,0.14,0.58
43640,0.49,0.56
43641,0.5,0.79
43642,0.58,0.79
43643,0.44,0.85
43644,0.34,0.97
43645,0.32,0.76
43646,0.12,0.69
43647,0.39,0.73
43648,0.53,0.73
43649,0.44,1.02
43650,0.39,0.65
43651,0.47,0.81
43652,0.37,0.67
43653,0.18,0.65
43654,0.4,0.79
43655,0.36,0.71
43656,0.46,0.69
43657,0.53,0.72
43658,0.48,0.78
43659,0.27,0.7
43660,0.15,0.52
43661,0.41,0.55
43662,0.35,0.61
43663,0.52,0.56
43664,0.57,1.59
43665,0.38,0.59
43666,<Samp,0.5
43667,InVld,0.47
43668,Calib,0.5
43669,<Samp,0.53
43670,NoData,0.58
43671,NoData,0.77
43672,NoData,0.61
43673,NoData,0.62
43674,NoData,InVld
43675,NoData,InVld
43676,NoData,InVld
43677,NoData,InVld
43678,NoData,InVld
43679,NoData,InVld
43680,NoData,InVld
43681,NoData,InVld
43682,NoData,InVld
43683,NoData,InVld
43684,NoData,InVld
43685,NoData,InVld
43686,NoData,InVld
43687,NoData,InVld
43688,NoData,InVld
43689,NoData,InVld
43690,NoData,InVld
43691,NoData,InVld
43692,NoData,InVld
43693,NoData,InVld
43694,NoData,NoData
43695,NoData,NoData
43696,NoData,<Samp
43697,NoData,<Samp
43698,<Samp,<Samp
43699,InVld,0.86
43700,InVld,1.02
43701,InVld,0.86
43702,InVld,0.76
43703,InVld,0.8
43704,InVld,1
43705,InVld,0.94
43706,InVld,0.82
43707,InVld,0.81
43708,InVld,0.73
43709,InVld,0.67
43710,Calib,0.73
43711,0.39,0.67
43712,0.29,0.67
43713,0.26,0.74
43714,0.35,0.75
43715,0.24,0.7
43716,0.1,0.61
43717,0.22,0.72
43718,<Samp,0.72
43719,0.54,0.79
43720,0.44,0.75
43721,0.37,0.75
43722,0.29,0.68
43723,0.14,0.62
43724,0.3,<Samp
43725,0.32,<Samp
43726,0.48,0.89
43727,0.51,0.97
43728,0.74,0.67
43729,0.38,0.62
43730,0.08,0.49
43731,0.4,0.66
43732,0.45,0.88
43733,0.64,0.84
43734,0.48,1.04
43735,<Samp,0.97
43736,0.46,1.04
43737,0.26,0.7
43738,0.24,0.5
43739,0.18,0.42
43740,0.15,0.51
43741,0.26,0.56
43742,0.4,<Samp
43743,0.44,0.86
43744,0.31,0.69
43745,0.51,0.74
43746,0.59,0.48
43747,0.78,0.68
43748,0.24,0.45
43749,0.64,0.52
43750,0.47,0.56
43751,0.24,0.36
43752,0.72,NoData
43753,0.56,NoData
43754,0.56,<Samp
43755,0.48,0.6
43756,0.65,0.64
43757,0.29,0.67
43758,0.14,0.39
43759,0.26,0.55
43760,0.28,0.6
43761,0.91,0.72
43762,<Samp,Calib
43763,InVld,0.46
43764,InVld,0.82
43765,InVld,1.07
43766,InVld,0.7
43767,<Samp,0.6
43768,0.59,<Samp
43769,1.05,Calib
43770,0.78,1.63
43771,0.44,1.61
43772,0.28,1.08
43773,0.97,1.46
43774,1.05,1.84
43775,0.6,1.97
43776,0.55,1.58
43777,0.78,1.5
43778,0.48,1.75
43779,0.67,1.32
43780,0.35,1.59
43781,0.4,1.43
43782,0.12,0.9
43783,0.57,0.86
43784,0.82,<Samp
43785,0.54,Calib
43786,0.32,Calib
43787,0.24,<Samp
43788,<Samp,<Samp
43789,<Samp,1.29
43790,NoData,1.55
43791,NoData,2.16
43792,NoData,2.3
43793,NoData,1.44
43794,NoData,1.75
43795,NoData,2.38
43796,NoData,1.53
43797,NoData,0.94
43798,NoData,0.95
43799,NoData,1.32
43800,NoData,0.83
43801,NoData,1.17
43802,NoData,0.69
43803,NoData,1.48
43804,NoData,<Samp
43805,NoData,<Samp
43806,NoData,0.75
43807,NoData,1.2
43808,NoData,0.89
43809,NoData,0.63
43810,NoData,0.9
43811,<Samp,1.7
43812,<Samp,1.46
43813,0.28,0.52
43814,0.42,0.49
43815,1.57,1.12
43816,0.99,1.97
43817,1.25,2.44
43818,<Samp,1.78
43819,0.57,1.65
43820,0.39,1.68
43821,0.7,1.91
43822,<Samp,2.54
43823,<Samp,1.61
43824,0.19,0.47
43825,0.02,0.31
43826,0.08,0.14
43827,0.11,0.38
43828,0.25,0.57
43829,0.84,1.08
43830,0.87,0.53
43831,<Samp,0.85
43832,1.38,1.23
43833,1.16,<Samp
43834,0.43,0.98
43835,Calib,0.85
43836,<Samp,0.98
43837,InVld,<Samp
43838,Calib,0.76
43839,<Samp,0.68
43840,<Samp,0.83
43841,0.43,1.28
43842,0.46,1.54
43843,0.43,1.31
43844,<Samp,1.36
43845,0.72,1.64
43846,0.77,1.92
43847,0.45,1.39
43848,0.32,0.68
43849,0.32,0.74
43850,0.33,0.53
43851,0.33,0.47
43852,0.39,0.69
43853,0.57,1.03
43854,0.6,0.85
43855,0.43,0.56
43856,0.46,1.43
43857,1.12,<Samp
43858,1.19,<Samp
43859,0.85,InVld
43860,0.36,InVld
43861,0.5,<Samp
43862,0.24,0.27
43863,0.23,Calib
43864,0.57,<Samp
43865,0.66,1.71
43866,0.36,1.28
43867,1.2,1.33
43868,0.55,1.06
43869,0.33,0.78
43870,0.22,0.58
43871,0.45,0.72
43872,0.36,0.81
43873,0.35,0.84
43874,0.39,1.55
43875,0.68,1.55
43876,0.94,1.51
43877,0.71,1.23
43878,0.81,1.19
43879,1.06,1
43880,0.4,1.23
43881,0.4,0.92
43882,0.34,0.81
43883,0.48,0.81
43884,0.37,0.89
43885,0.36,<Samp
43886,0.73,Calib
43887,0.43,0.7
43888,0.6,0.82
43889,1.59,<Samp
43890,1.13,1.52
43891,0.22,0.81
43892,0.31,0.72
43893,0.38,0.98
43894,0.62,1.43
43895,0.57,2.73
43896,1.06,2.3
43897,0.41,1
43898,0.23,0.59
43899,0.88,1.45
43900,0.77,2.27
43901,0.52,0.47
43902,0.8,1.01
43903,0.44,1.13
43904,0.27,0.48
43905,0.22,0.66
43906,0.75,0.69
43907,0.75,1.05
43908,0.28,0.46
43909,0.29,0.59
43910,0.29,0.63
43911,0.28,0.6
43912,0.34,0.66
43913,0.55,0.92
43914,0.92,1.37
43915,0.42,0.8
43916,0.27,0.54
43917,0.5,0.95
43918,0.23,0.57
43919,0.14,0.35
43920,0.17,0.59
43921,0.39,0.82
43922,0.35,0.85
43923,0.16,0.48
43924,0.27,0.65
43925,0.4,0.91
43926,0.16,0.94
43927,0.26,0.6
43928,0.23,0.3
43929,0.23,0.4
43930,0.24,0.39
43931,0.15,0.6
43932,0.12,0.38
43933,0.13,0.32
43934,0.31,<Samp
43935,0.28,0.7
43936,<Samp,0.35
43937,0.4,0.48
43938,0.39,0.9
43939,0.22,0.43
43940,Calib,0.22
43941,InVld,0.38
43942,InVld,0.23
43943,Down,<Samp
43944,Down,NoData
43945,Down,NoData
43946,Down,NoData
43947,Down,NoData
43948,Down,NoData
43949,Down,NoData
43950,Down,NoData
43951,Down,NoData
43952,Down,NoData
43953,Down,NoData
43954,Down,NoData
43955,Down,NoData
43956,Down,NoData
43957,<Samp,NoData
43958,<Samp,<Samp
43959,0.44,0.23
43960,0.28,<Samp
43961,0.12,NoData
43962,0.25,<Samp
43963,0.62,0.72
43964,0.45,0.6
43965,0.52,0.57
43966,0.55,0.45
43967,0.26,0.54
43968,0.22,0.98
43969,0.44,1.33
43970,0.99,0.88
43971,0.43,1.15
43972,0.46,1.2
43973,0.53,1.28
43974,0.59,0.47
43975,0.07,0.42
43976,<Samp,0.3
43977,0.26,0.34
43978,0.49,1.07
43979,0.51,0.39
43980,0.17,0.26
43981,<Samp,0.26
43982,InVld,0.3
43983,InVld,0.43
43984,InVld,0.47
43985,InVld,0.65
43986,InVld,0.35
43987,InVld,0.54
43988,InVld,0.28
43989,InVld,0.36
43990,Calib,0.3
43991,<Samp,0.29
43992,0.5,0.2
43993,0.36,0.4
43994,<Samp,0.33
43995,NoData,0.45
43996,NoData,0.66
43997,NoData,0.33
43998,NoData,0.29
43999,NoData,0.25
44000,NoData,0.52
44001,Calib,0.31
44002,0.24,0.56
44003,0.19,0.17
44004,0.41,0.5
44005,0.44,0.36
44006,0.39,0.35
44007,0.43,0.34
44008,0.47,0.27
44009,0.43,0.19
44010,0.28,0.25
44011,<Samp,0.27
44012,0.49,0.24
44013,0.42,0.24
44014,0.52,0.22
44015,0.62,0.3
44016,0.47,0.36
44017,0.2,0.26
44018,<Samp,0.26
44019,0.33,0.22
44020,0.1,0.21
44021,0.08,0.24
44022,0.07,0.18
44023,0.07,0.21
44024,0.08,0.17
44025,<Samp,0.21
44026,InVld,0.21
44027,Down,0.25
44028,Down,0.25
44029,Down,0.22
44030,Down,0.6
44031,Down,0.21
44032,<Samp,0.21
44033,<Samp,<Samp
44034,Calib,0.2
44035,0.25,0.24
44036,0.13,0.3
44037,0.23,0.25
44038,0.07,0.23
44039,0.02,0.3
44040,Calib,0.2
44041,Calib,0.2
44042,0.45,0.21
44043,0.42,0.2
44044,0.41,0.21
44045,0.2,0.2
44046,0.46,0.22
44047,0.48,0.35
44048,0.39,0.27
44049,0.33,0.24
44050,0.5,0.22
44051,0.45,0.21
44052,0.14,0.17
44053,0.28,0.18
44054,0.3,0.22
44055,0.3,0.21
44056,0.36,0.23
44057,0.39,0.22
44058,0.36,0.22
44059,0.26,0.22
44060,0.48,0.25
44061,0.52,0.25
44062,0.49,0.27
44063,0.45,0.23
44064,0.36,0.23
44065,0.05,<Samp
44066,0.08,InVld
44067,0.32,InVld
44068,0.49,<Samp
44069,0.59,0.33
44070,0.71,0.29
44071,0.33,0.79
44072,0.43,0.42
44073,0.46,0.26
44074,0.44,0.34
44075,0.58,0.28
44076,0.09,0.24
44077,0.31,0.23
44078,0.73,0.36
44079,0.88,0.34
44080,0.42,0.19
44081,0.41,0.25
44082,0.6,0.27
44083,0.84,0.22
44084,0.77,0.21
44085,1.02,0.27
44086,0.54,0.34
44087,0.13,0.46
44088,0.52,0.39
44089,0.52,0.3
44090,0.06,0.21
44091,0.12,0.39
44092,0.34,0.36
44093,0.14,0.32
44094,0.24,0.14
44095,0.14,0.15
44096,0.5,0.19
44097,0.48,0.28
44098,0.44,0.24
44099,0.49,0.36
44100,0.31,0.26
44101,0.15,0.13
44102,0.54,0.21
44103,0.27,0.23
44104,0.68,0.25
44105,0.44,0.29
44106,<Samp,0.25
44107,<Samp,0.56
44108,0.02,0.36
44109,0.26,0.37
44110,0.54,0.43
44111,0.61,0.47
44112,0.13,0.91
44113,0.9,0.8
44114,0.66,1.08
44115,0.5,0.22
44116,0.53,0.24
44117,0.57,<Samp
44118,0.56,0.56
44119,0.49,0.49
44120,0.57,0.36
44121,0.38,0.41
44122,0.42,0.56
44123,1.06,0.45
44124,1.09,0.41
44125,1.23,0.46
44126,0.79,0.22
44127,<Samp,0.61
44128,<Samp,0.49
44129,0.42,0.39
44130,<Samp,0.37
44131,NoData,0.5
44132,NoData,0.5
44133,NoData,0.33
44134,NoData,0.37
44135,NoData,0.44
44136,NoData,0.24
44137,NoData,0.49
44138,<Samp,0.36
44139,<Samp,0.64
44140,<Samp,0.41
44141,0.35,0.51
44142,0.45,0.67
44143,0.46,0.75
44144,0.96,0.91
44145,<Samp,1.22
44146,1.21,0.96
44147,0.89,1.21
44148,0.89,1.2
44149,0.61,1.33
44150,0.5,0.92
44151,0.5,0.57
44152,0.44,0.81
44153,0.68,1.06
44154,0.42,0.89
44155,0.65,1.34
44156,0.51,0.44
44157,0.25,0.34
44158,0.71,0.72
44159,0.68,0.97
44160,0.95,1.92
44161,1.12,1.04
44162,0.57,0.56
44163,0.39,0.78
44164,0.73,1.39
44165,1.37,1.24
44166,1.2,1.65
44167,1.69,1.7
44168,1.76,2.13
44169,1.61,1.26
44170,0.55,1.12
44171,0.52,InVld
44172,0.62,<Samp
44173,1.3,1.27
44174,1.03,0.86
44175,0.65,1.04
44176,1.75,1.69
44177,1.29,1.57
44178,1.72,1.9
44179,1.54,2.44
44180,0.55,<Samp
44181,0.37,<Samp
44182,0.51,<Samp
44183,0.59,0.55
44184,1.12,0.92
44185,0.9,1.25
44186,0.43,2.02
44187,1.1,2.19
44188,Calib,1.83
44189,Calib,0.67
44190,0.71,1.08
44191,0.59,1.04
44192,0.49,0.69
44193,<Samp,0.78
44194,0.81,0.71
44195,1.42,0.85
44196,2.53,0.99
44197,5.09,1.73
44198,0.91,1.61
44199,0.76,1.35
44200,1.59,1.66
44201,0.96,2.22
44202,0.73,1.46
44203,0.79,1.3
44204,0.78,1.48
44205,0.43,0.98
44206,0.51,0.96
44207,0.87,1.38
44208,0.79,1.63
44209,1.03,1.49
44210,<Samp,0.57
44211,0.36,0.31
44212,0.4,0.57
44213,0.48,0.48
44214,0.36,0.33
44215,0.44,0.45
44216,0.4,0.44
44217,0.41,0.37
44218,0.82,0.91
44219,0.52,0.92
44220,0.57,0.86
44221,1.1,1.73
44222,1.41,1.8
44223,2.04,1.73
44224,1.16,1.57
44225,0.55,0.38
44226,0.34,0.35
44227,0.49,0.35
44228,1.93,0.72
44229,1.06,1.1
44230,1.21,1.2
44231,0.78,1.37
44232,0.78,0.64
44233,0.47,0.54
44234,0.41,0.88
44235,0.93,0.84
44236,1.63,2.01
44237,1.63,1.51
44238,1.14,1.39
44239,2.98,0.83
44240,1.34,0.98
44241,0.45,0.69
44242,1.03,1.06
44243,0.53,<Samp
44244,0.49,0.81
44245,0.37,0.48
44246,0.41,0.58
44247,0.34,0.5
44248,0.64,0.71
44249,0.88,1.13
44250,1.02,1.2
44251,0.64,0.75
44252,0.62,0.88
44253,0.54,0.84
44254,0.92,1.01
44255,0.47,0.88
44256,0.67,0.66
44257,0.4,0.54
44258,0.44,0.61
44259,0.42,0.74
44260,InVld,0.61
44261,InVld,0.73
44262,InVld,0.67
44263,InVld,0.95
44264,<Samp,0.61
44265,1.25,0.81
44266,0.99,2.18
44267,0.39,0.53
44268,0.33,0.48
44269,0.43,0.57
44270,1.19,0.82
44271,1.14,0.8
44272,0.84,0.8
44273,0.35,0.61
44274,0.34,<Samp
44275,0.39,Down
44276,1.08,Down
44277,0.81,Down
44278,0.68,Down
44279,0.48,NoData
44280,0.29,NoData
44281,0.5,NoData
44282,0.73,NoData
44283,0.31,NoData
44284,0.36,NoData
44285,0.46,NoData
44286,0.51,NoData
44287,0.34,NoData
44288,0.36,NoData
44289,0.28,NoData
44290,0.24,NoData
44291,0.63,NoData
44292,0.85,NoData
44293,0.81,Down
44294,0.37,Down
44295,0.45,Down
44296,0.2,Down
44297,0.18,Down
44298,0.3,<Samp
44299,0.36,0.61
44300,0.61,1
44301,0.77,<Samp
44302,0.79,InVld
44303,0.44,InVld
44304,0.42,InVld
44305,0.87,InVld
44306,0.81,<Samp
44307,0.81,2.05
44308,0.42,0.78
44309,0.46,0.9
44310,0.15,1.16
44311,0.47,0.65
44312,0.73,1.35
44313,0.35,1.28
44314,0.29,0.99
44315,0.58,1.2
44316,1.02,1.21
44317,0.72,2.38
44318,0.13,1.92
44319,0.39,1.64
44320,0.36,0.81
44321,0.44,0.7
44322,0.26,0.69
44323,0.25,0.49
44324,0.35,0.49
44325,0.57,0.63
44326,1.21,1.15
44327,0.6,0.29
44328,0.52,0.43
44329,0.38,0.5
44330,0.37,0.44
44331,0.38,0.48
44332,0.3,0.33
44333,0.54,0.44
44334,0.43,0.22
44335,0.34,0.27
44336,0.47,0.33
44337,<Samp,0.24
44338,Calib,0.19
44339,Calib,0.26
44340,Calib,0.31
44341,Calib,0.31
44342,Calib,0.31
44343,<Samp,0.61
44344,0.44,0.66
44345,0.24,0.18
44346,0.1,0.25
44347,0.41,0.34
44348,0.56,0.93
44349,0.8,0.31
44350,0.34,0.28
44351,0.37,0.4
44352,0.22,0.35
44353,0.15,0.28
44354,0.31,0.39
44355,0.39,0.48
44356,0.4,0.48
44357,0.39,0.57
44358,0.5,0.77
44359,0.28,0.32
44360,0.24,0.33
44361,<Samp,0.27
44362,<Samp,0.28
44363,0.27,0.3
44364,0.25,0.33
44365,0.35,0.29
44366,0.38,0.35
44367,0.16,0.34
44368,<Samp,0.24
44369,<Samp,0
44370,0.51,0.12
44371,0.38,0.31
44372,0.46,0.35
44373,0.34,0.45
44374,0.19,0.37
44375,0.41,0.4
44376,0.51,0.54
44377,0.37,0.51
44378,0.4,0.51
44379,0.38,0.46
44380,0.37,0.44
44381,0.17,0.36
44382,0.2,0.32
44383,0.25,0.36
44384,0.27,0.32
44385,0.48,0.32
44386,0.53,0.49
44387,0.27,0.3
44388,0.09,0.27
44389,0.4,0.31
44390,0.51,0.34
44391,0.33,0.34
44392,0.3,0.29
44393,0.36,0.35
44394,0.33,0.35
44395,0.12,0.29
44396,0.44,0.52
44397,0.51,0.42
44398,0.24,0.25
44399,0.2,0.36
44400,0.14,0.27
44401,0,0.33
44402,0.1,0.25
44403,0.32,0.32
44404,<Samp,0.33
44405,0.19,0.37
44406,0.31,0.31
44407,0.27,0.37
44408,0.17,<Samp
44409,<Samp,NoData
44410,0.21,<Samp
44411,0.56,<Samp
44412,<Samp,0.83
44413,0.5,0.7
44414,0.61,0.94
44415,0.44,0.93
44416,0.33,0.64
44417,0.42,0.51
44418,<Samp,0.45
44419,NoData,0.38
44420,<Samp,Calib
44421,0.42,Calib
44422,0.39,0.36
44423,0.19,0.29
44424,0.39,0.38
44425,0.49,0.35
44426,0.36,0.36
44427,0.36,0.34
44428,0.33,0.37
44429,0.12,0.43
44430,0.26,0.42
44431,0.29,0.31
44432,0.27,0.34
44433,0.39,0.41
44434,0.5,0.44
44435,0.51,0.34
44436,0.47,0.29
44437,0.17,0.28
44438,0.3,0.26
44439,0.36,0.38
44440,0.34,0.26
44441,0.37,0.34
44442,0.35,0.29
44443,0.26,0.32
44444,0.16,0.32
44445,0.34,0.44
44446,0.16,0.32
44447,0.05,0.28
44448,0.16,0.3
44449,0.44,0.66
44450,0.23,0.27
44451,0.08,0.27
44452,0.25,0.37
44453,0.44,0.67
44454,0.32,0.55
44455,0.38,0.53
44456,0.08,0.22
44457,0.31,0.39
44458,0.2,0.84
44459,0.46,0.8
44460,0.37,0.6
44461,0.17,0.59
44462,0.25,<Samp
44463,0.18,0.32
44464,0.16,0.33
44465,0.29,0.34
44466,0.62,0.91
44467,0.34,0.41
44468,0.09,0.33
44469,0.31,0.43
44470,0.45,0.47
44471,0.35,0.59
44472,0.13,0.31
44473,0.32,0.42
44474,0.41,0.51
44475,<Samp,0.89
44476,0.35,0.76
44477,0.49,0.83
44478,0.5,0.92
44479,<Samp,0.56
44480,Calib,0.74
44481,0.87,0.88
44482,0.97,0.76
44483,0.64,0.6
44484,0.61,0.53
44485,0.62,0.6
44486,0.4,0.62
44487,0.39,0.59
44488,0.42,0.49
44489,0.45,0.57
44490,0.42,0.59
44491,0.58,0.74
44492,0.47,0.9
44493,0.28,0.67
44494,0.55,0.85
44495,0.57,0.81
44496,0.53,1.02
44497,0.67,1.09
44498,0.89,1.65
44499,0.75,1.5
44500,0.55,0.66
44501,0.94,1.34
44502,0.69,1.07
44503,0.55,1.06
44504,0.57,0.89
44505,0.76,0.67
44506,0.71,1.24
44507,0.51,1.47
44508,0.62,2.06
44509,<Samp,1.83
44510,0.85,1.79
44511,0.79,1.38
44512,0.75,0.92
44513,0.29,1.64
44514,0.37,1.71
44515,0.44,1.17
44516,0.22,1.24
44517,<Samp,1.31
44518,InVld,1.9
44519,<Samp,1.49
44520,InVld,0.59
44521,InVld,0.4
44522,InVld,0.97
44523,<Samp,1.29
44524,1.16,1.45
44525,0.89,1.69
44526,1.15,1.56
44527,0.73,1.29
44528,0.86,1.69
44529,<Samp,2.66
44530,0.55,2.34
44531,0.63,1.52
44532,0.31,0.37
44533,0.43,0.83
44534,0.53,1.36
44535,0.29,1.53
44536,0.23,1.12
44537,0.64,1.19
44538,0.77,2.3
44539,0.31,0.52
44540,0.84,0.98
44541,0.79,1.48
44542,0.68,1.76
44543,0.61,3.18
44544,0.79,2.33
44545,0.81,0.94
44546,<Samp,0.63
44547,0.54,0.93
44548,0.53,0.78
44549,0.4,0.52
44550,0.52,0.59
44551,0.33,0.48
44552,0.41,0.72
44553,0.43,0.81
44554,0.37,0.78
44555,0.36,0.78
44556,0.47,1.15
44557,0.75,1.85
44558,0.79,2.01
44559,1.13,2.63
44560,1.36,1.25
44561,1,0.85
44562,0.77,0.98
44563,0.5,0.76
44564,0.68,0.95
44565,0.65,0.81
44566,0.51,0.95
44567,0.86,1.03
44568,1.08,2.25
44569,1.13,2.11
44570,0.95,1.82
44571,0.56,1.3
44572,0.61,0.88
44573,1.48,1.88
44574,<Samp,2.11
44575,0.6,<Samp
44576,0.39,InVld
44577,0.35,InVld
44578,0.8,InVld
44579,1.24,InVld
44580,1.49,<Samp
44581,0.41,0.53
44582,0.65,0.58
44583,1.25,InVld
44584,0.48,0.98
44585,0.45,0.65
44586,0.66,0.75
44587,0.92,1.09
44588,0.48,0.7
44589,0.46,0.66
44590,0.44,0.63
44591,1.31,1.02
44592,1.35,2.01
44593,0.94,1.09
44594,0.89,1.31
44595,1.3,1.68
44596,0.81,<Samp
44597,0.34,0.47
44598,0.3,0.52
44599,0.51,0.65
44600,0.76,0.95
44601,1.78,1.72
44602,1.18,1.03
44603,0.45,0.67
44604,0.64,0.79
44605,0.8,1.06
44606,1.08,1.63
44607,0.7,0.82
44608,0.55,0.68
44609,0.53,0.92
44610,1.31,1.07
44611,1.04,1.25
44612,0.4,0.5
44613,0.5,0.61
44614,0.61,0.82
44615,1.44,1.24
44616,1.81,1.67
44617,<Samp,0.74
44618,InVld,0.49
44619,Calib,0.59
44620,<Samp,0.98
44621,0.97,1.01
44622,1.16,0.88
44623,1.08,1.09
44624,0.59,0.67
44625,0.46,0.55
44626,0.73,0.74
44627,0.86,1.11
44628,0.8,0.79
44629,0.76,0.69
44630,0.52,0.52
44631,0.32,0.53
44632,0.39,0.53
44633,0.36,0.6
44634,0.55,0.68
44635,0.65,0.57
44636,0.72,0.66
44637,0.7,0.74
44638,0.65,0.91
44639,0.36,0.69
44640,0.32,0.46
44641,0.65,0.6
44642,0.82,0.84
44643,0.74,1.06
44644,0.55,0.85
44645,0.57,0.51
44646,0.37,0.5
44647,0.34,0.51
44648,0.58,0.61
44649,<Samp,0.75
44650,NoData,0.74
44651,NoData,0.62
44652,<Samp,1.1
44653,NoData,1.4
44654,NoData,1.44
44655,<Samp,0.9
44656,NoData,0.85
44657,<Samp,2.09
44658,Down,0.76
44659,Down,0.79
44660,Down,0.48
44661,Down,0.3
44662,Down,0.44
44663,Down,0.36
44664,Down,0.45
44665,Down,0.46
44666,Down,0.73
44667,Down,0.65
44668,Down,1.23
44669,Down,1.69
44670,Down,0.61
44671,Down,0.29
44672,Down,0.27
44673,Down,0.43
44674,Down,0.5
44675,Down,0.32
44676,Down,0.36
44677,Down,0.33
44678,Down,0.24
44679,Down,0.16
44680,Down,0.25
44681,Down,0.64
44682,Down,0.55
44683,Down,0.28
44684,Down,0.3
44685,Down,0.65
44686,Down,0.29
44687,Down,0.29
44688,Down,0.3
44689,Down,0.35
44690,Down,0.56
44691,Down,0.6
44692,Down,0.34
44693,Down,<Samp
44694,Down,<Samp
44695,Down,0.44
44696,Down,0.75
44697,Down,0.31
44698,Down,0.27
44699,Down,0.25
44700,Down,0.34
44701,Down,0.35
44702,Down,0.4
44703,Down,0.41
44704,Down,0.2
44705,Down,<Samp
44706,Down,<Samp
44707,Down,0.22
44708,<Samp,0.25
44709,0.65,0.21
44710,0.49,0.22
44711,0.61,<Samp
44712,0.59,<Samp
44713,0.48,Down
44714,0.57,Down
44715,0.22,Down
44716,0.09,Down
44717,0,Down
44718,0.03,Down
44719,0.33,Down
44720,0.41,Down
44721,0.53,Down
44722,0.75,<Samp
44723,0.53,0.45
44724,0.53,0.6
44725,0.53,0.47
44726,0.22,0.32
44727,<Samp,0.32
44728,0.44,0.4
44729,0.66,0.33
44730,<Samp,0.25
44731,InVld,0.29
44732,<Samp,0.28
44733,0.36,0.37
44734,0.2,0.36
44735,0.23,0.41
44736,0.54,0.49
44737,0.37,0.44
44738,0.09,0.29
44739,0.4,0.39
44740,0.52,0.43
44741,0.6,0.4
44742,0.44,0.51
44743,0.5,0.57
44744,0.28,0.42
44745,0.25,0.21
44746,0.3,0.3
44747,0.41,0.3
44748,0.45,0.3
44749,0.33,0.27
44750,0.42,0.33
44751,0.38,0.46
44752,0.19,0.3
44753,0.24,0.23
44754,0.24,0.26
44755,0.43,0.27
44756,0.35,0.26
44757,0.34,0.25
44758,0.21,0.23
44759,0.24,0.17
44760,0.44,0.28
44761,0.51,0.24
44762,0.49,0.3
44763,0.34,0.27
44764,0.33,0.35
44765,0.34,0.24
44766,0.16,0.23
44767,0.39,0.25
44768,0.47,0.26
44769,0.38,0.34
44770,<Samp,0.51
44771,<Samp,0.39
44772,0.41,0.29
44773,0.14,0.25
44774,0.29,0.24
44775,0.4,0.31
44776,0.46,0.33
44777,0.58,0.3
44778,<Samp,<Samp
44779,InVld,NoData
44780,Calib,NoData
44781,InVld,<Samp
44782,<Samp,0.25
44783,0.32,0.26
44784,0.32,0.28
44785,0.31,0.22
44786,0.3,0.27
44787,0.07,0.2
44788,0.27,0.24
44789,0.42,0.22
44790,0.4,0.27
44791,0.4,0.18
44792,0.43,0.23
44793,0.28,0.22
44794,0.22,0.31
44795,0.47,0.32
44796,0.31,0.29
44797,0.31,0.21
44798,0.58,0.32
44799,1,0.26
44800,0.42,0.14
44801,0.33,0.14
44802,0.75,0.21
44803,0.74,0.19
44804,0.86,0.18
44805,0.75,0.17
44806,0.5,0.16
44807,0.42,0.17
44808,0.32,0.14
44809,0.41,0.17
44810,0.35,0.24
44811,0.26,0.29
44812,0.35,0.26
44813,0.76,0.39
44814,0.49,0.43
44815,0.38,0.36
44816,0.53,0.37
44817,0.54,0.32
44818,0.3,0.26
44819,0.25,<Samp
44820,0.41,0.26
44821,0.4,0.39
44822,0.34,0.18
44823,0.37,0.24
44824,0.33,0.18
44825,0.31,0.26
44826,0.28,0.33
44827,0.39,0.29
44828,0.51,0.55
44829,0.43,0.27
44830,0.67,0.46
44831,0.5,0.44
44832,0.42,0.37
44833,<Samp,0.46
44834,0.6,0.42
44835,0.37,0.31
44836,0.31,0.27
44837,0.74,0.29
44838,0.56,0.34
44839,0.56,0.24
44840,0.42,0.39
44841,0.62,0.45
44842,0.31,0.24
44843,0.2,0.26
44844,0.35,<Samp
44845,0.27,<Samp
44846,0.52,0.49
44847,0.45,0.41
44848,0.36,0.3
44849,0.27,0.29
44850,0.71,0.23
44851,1.09,0.75
44852,0.39,0.39
44853,0.5,0.34
44854,0.66,0.79
44855,0.6,0.56
44856,0.51,0.31
44857,0.39,0.43
44858,0.61,0.85
44859,0.67,<Samp
44860,0.63,0.99
44861,0.57,0.8
44862,0.8,0.73
44863,0.67,0.77
44864,0.75,0.8
44865,0.68,0.67
44866,<Samp,0.36
44867,0.4,0.82
44868,0.42,0.96
44869,0.66,0.77
44870,0.74,0.81
44871,0.5,0.86
44872,0.67,0.45
44873,0.49,0.55
44874,0.44,0.44
44875,0.46,0.43
44876,0.95,0.69
44877,0.94,1.04
44878,0.61,1.19
44879,0.67,0.87
44880,0.89,0.92
44881,0.83,0.67
44882,0.36,0.51
44883,0.57,0.58
44884,0.81,0.98
44885,0.41,1.14
44886,0.39,1
44887,1.3,1.75
44888,0.83,1.08
44889,0.92,0.91
44890,0.73,0.58
44891,0.35,0.38
44892,0.39,0.35
44893,1.03,0.79
44894,0.79,1.41
44895,1.05,1.4
44896,1.13,1.27
44897,1.48,1.61
44898,0.97,1.69
44899,0.64,1.52
44900,0.97,1.38
44901,1.29,1.66
44902,0.81,0.87
44903,1.16,1.03
44904,1.72,2.14
44905,1.98,2.23
44906,1.47,1.76
44907,1.83,2.43
44908,1.56,2.09
44909,1.73,1.49
44910,1.32,1.01
44911,1.16,1.05
44912,1.59,1.09
44913,0.83,1.41
44914,0.85,1.07
44915,1.1,1.58
44916,1.3,1.77
44917,0.74,0.96
44918,1.08,1.06
44919,0.97,1.08
44920,0.59,0.58
44921,0.56,0.61
44922,0.52,0.53
44923,0.92,0.83
44924,1.63,1.67
44925,1.07,1.63
44926,0.53,0.98
44927,0.52,0.66
44928,0.59,0.62
44929,0.54,0.61
44930,0.69,0.61
44931,0.84,0.83
44932,0.56,0.68
44933,0.46,0.51
44934,0.63,0.52
44935,1.22,1.08
44936,1.38,0.79
44937,1.64,1.26
44938,1.58,1.55
44939,0.71,<Samp
44940,0.85,NoData
44941,0.54,NoData
44942,1.01,<Samp
44943,1.27,0.99
44944,1.46,1.29
44945,1.66,1.43
44946,0.8,1.6
44947,0.78,1.9
44948,1.22,1.54
44949,1.32,2.03
44950,1.15,1.97
44951,1.06,1.43
44952,1.11,1.71
44953,1.61,1.86
44954,InVld,2.06
44955,Calib,0.49
44956,<Samp,1.05
44957,0.43,0.62
44958,0.57,0.48
44959,0.56,0.44
44960,0.58,0.58
44961,0.5,0.51
44962,0.4,0.41
44963,0.52,0.53
44964,0.44,0.37
44965,0.58,0.45
44966,0.63,0.51
44967,1.21,0.8
44968,0.82,0.97
44969,0.71,0.75
44970,0.9,1.03
44971,1.34,0.96
44972,1.57,1.22
44973,0.93,1
44974,1.79,0.92
44975,1.68,1.34
44976,0.87,1.1
44977,1.46,1.09
44978,0.79,0.75
44979,0.8,0.57
44980,1.23,0.77
44981,0.6,0.8
44982,0.6,0.97
44983,0.57,0.73
44984,1.4,0.92
44985,1.09,<Samp
44986,0.74,<Samp
44987,1.69,1.57
44988,2.35,1.99
44989,0.67,<Samp
44990,0.97,InVld
44991,1.16,<Samp
44992,0.55,0.51
44993,<Samp,0.42
44994,NoData,0.24
44995,<Samp,0.48
44996,1.21,1.02
44997,0.72,1.25
44998,1.44,1.14
44999,0.6,0.61
45000,0.61,0.5
45001,0.49,0.46
45002,1.04,0.44
45003,1.12,NoData
45004,0.41,NoData
45005,0.46,<Samp
45006,0.67,0.47
45007,0.64,0.53
45008,1.2,0.54
45009,1.31,0.88
45010,1.68,0.94
45011,0.46,<Samp
45012,0.48,<Samp
45013,0.59,<Samp
45014,0.69,1.08
45015,0.48,0.57
45016,0.52,0.47
45017,0.39,0.48
45018,0.45,0.55
45019,1.57,1.01
45020,1.42,1.35
45021,1.41,1.32
45022,0.65,0.48
45023,0.59,0.49
45024,0.55,1.19
45025,1.25,0.85
45026,0.86,1.04
45027,0.54,0.6
45028,<Samp,<Samp
45029,0.31,0.4
45030,0.71,0.61
45031,1.22,0.79
45032,0.78,0.96
45033,0.95,0.45
45034,1.42,0.46
45035,1.27,0.68
45036,1.57,1.29
45037,0.55,0.36
45038,0.37,0.35
45039,0.5,0.4
45040,0.7,0.5
45041,0.52,0.63
45042,0.61,0.68
45043,0.55,0.77
45044,0.72,1
45045,0.38,0.33
45046,0.24,0.34
45047,0.34,<Samp
45048,0.7,NoData
45049,0.82,NoData
45050,1.21,<Samp
45051,0.64,1.06
45052,<Samp,1.17
45053,0.35,0.28
45054,0.53,0.31
45055,0.92,0.43
45056,0.69,0.58
45057,0.9,0.34
45058,1.13,0.66
45059,0.46,0.34
45060,0.19,0.18
45061,0.64,0.24
45062,0.81,0.32
45063,1.25,0.61
45064,1.01,0.45
45065,0.33,0.19
45066,0.22,0.18
45067,0.14,0.2
45068,0.71,0.37
45069,0.5,0.59
45070,0.54,0.28
45071,0.6,0.64
45072,0.42,0.2
45073,0.52,0.39
45074,0.41,0.87
45075,0.49,0.34
45076,0.52,0.19
45077,0.35,0.3
45078,0.53,NoData
45079,0.81,0.97
45080,0.59,0.99
45081,0.33,0.26
45082,0.94,0.17
45083,0.64,0.2
45084,0.61,0.21
45085,0.62,0.19
45086,1.15,1.51
45087,0.75,0.57
45088,0.31,0.97
45089,0.45,0.59
45090,0.41,0.61
45091,0.75,0.72
45092,0.49,0.2
45093,0.42,0.23
45094,0.56,0.25
45095,0.55,0.5
45096,0.28,0.15
45097,0.35,0.42
45098,0.74,0.27
45099,0.61,<Samp
45100,0.53,<Samp
45101,0.42,0.22
45102,0.31,0.23
45103,0.47,0.22
45104,0.41,0.21
45105,0.44,0.18
45106,0.42,0.22
45107,0.4,0.15
45108,0.29,0.17
45109,0.24,0.15
45110,0.41,0.17
45111,0.63,0.18
45112,0.57,0.37
45113,0.43,0.3
45114,0.33,0.15
45115,0.18,0.16
45116,0.17,0.13
45117,0.4,0.19
45118,0.38,0.15
45119,0.53,0.19
45120,0.74,0.27
45121,0.83,0.21
45122,0.51,0.24
45123,0.26,0.15
45124,0.64,0.22
45125,0.65,0.23
45126,0.7,0.25
45127,0.66,0.27
45128,0.57,0.33
45129,0.34,0.25
45130,0.2,0.2
45131,0.54,0.25
45132,0.54,0.25
45133,0.68,0.28
45134,0.64,0.3
45135,0.55,0.35
45136,0.62,0.26
45137,0.22,0.24
45138,0.4,0.19
45139,0.61,0.19
45140,0.62,0.21
45141,0.42,0.25
45142,0.47,0.28
45143,0.29,0.18
45144,0.15,0.13
45145,0.57,0.18
45146,0.62,0.41
45147,0.37,0.15
45148,0.41,0.13
45149,0.41,0.16
45150,0.37,0.15
45151,0.4,0.11
45152,0.84,0.15
45153,0.57,0.24
45154,0.48,0.18
45155,0.46,0.15
45156,0.52,0.16
45157,0.36,0.14
45158,0.28,0.09
45159,0.43,<Samp
45160,0.46,<Samp
45161,0.73,0.14
45162,0.6,0.22
45163,0.46,0.15
45164,0.3,0.18
45165,0.16,0.21
45166,0.31,0.26
45167,0.36,0.29
45168,0.39,0.23
45169,0.58,0.25
45170,0.57,0.39
45171,0.52,0.27
45172,0.18,0.16
45173,0.41,0.28
45174,0.6,0.35
45175,0.62,0.45
45176,0.89,0.43
45177,0.95,0.41
45178,0.95,0.76
45179,0.26,0.41
45180,0.46,0.31
45181,0.64,0.48
45182,0.68,0.5
45183,0.59,0.42
45184,0.48,0.36
45185,0.51,0.5
45186,0.21,0.27
45187,0.34,0.25
45188,0.72,0.82
45189,0.78,0.45
45190,0.52,0.35
45191,0.57,0.27
45192,0.53,0.48
45193,0.53,0.39
45194,0.5,0.32
45195,0.28,0.2
45196,0.77,0.46
45197,0.95,0.56
45198,0.76,0.57
45199,0.58,0.41
45200,0.33,0.64
45201,0.3,0.39
45202,0.34,0.4
45203,0.43,0.43
45204,0.8,0.73
45205,0.82,0.65
45206,0.65,0.53
45207,0.34,0.54
45208,0.55,0.53
45209,0.75,0.49
45210,0.42,0.29
45211,0.4,0.42
45212,0.55,0.46
45213,0.55,0.53
45214,0.44,0.47
45215,0.31,0.35
45216,0.4,0.5
45217,0.81,0.76
45218,0.52,0.65
45219,0.42,0.52
45220,0.55,0.84
45221,0.88,0.8
45222,0.97,1.22
45223,1.29,0.98
45224,1.38,1.1
45225,1.01,1.29
45226,1.34,2.26
45227,1.02,1.59
45228,0.88,0.93
45229,0.68,1.56
45230,0.39,0.51
45231,0.63,0.66
45232,1.22,1.3
45233,1.26,0.89
45234,0.73,0.71
45235,0.89,1.06
45236,1.19,1.36
45237,1.23,1.33
45238,1.43,1.1
45239,1.89,1.41
45240,1.79,1.31
45241,0.68,1.06
45242,1.19,1.2
45243,1.72,2.59
45244,0.96,1.56
45245,0.55,0.47
45246,0.62,0.65
45247,1.06,1.12
45248,0.79,0.73
45249,0.52,1.08
45250,0.45,0.48
45251,0.5,0.49
45252,0.84,0.89
45253,0.76,1.2
45254,1.44,1.95
45255,1.64,1.75
45256,0.79,1.63
45257,0.51,0.57
45258,0.48,0.34
45259,0.78,0.78
45260,1.17,1.54
45261,1.99,1.88
45262,1.75,1.53
45263,0.94,1.53
45264,1.07,2.24
45265,1.8,2.25
45266,1.54,1.77
45267,0.76,0.89
45268,1.53,1.45
45269,1.16,1.61
45270,0.96,1
45271,2.07,2.01
45272,2.08,2.09
45273,1.42,1.67
45274,0.58,0.59
45275,0.77,1.23
45276,1,1.54
45277,1.77,1.69
45278,1.64,2.34
45279,1.19,1.65
45280,1.1,1.37
45281,0.85,1.23
45282,0.91,0.84
45283,0.46,0.58
45284,0.5,0.49
45285,0.57,0.87
45286,1.27,1.23
45287,0.91,1.22
45288,0.84,1.17
45289,1.15,1.35
45290,0.68,1.09
45291,0.8,1.05
45292,1.05,1.78
45293,1.71,1.87
45294,1.1,1.29
45295,0.6,0.64
45296,1.08,InVld
45297,0.51,InVld
45298,0.66,InVld
45299,1.42,InVld
45300,1.86,InVld
45301,1.43,InVld
45302,0.69,InVld
45303,0.65,InVld
45304,0.54,InVld
45305,0.56,Down
45306,0.64,<Samp
45307,0.97,0.88
45308,2.03,1.43
45309,2.02,1.86
45310,2.72,2.04
45311,1.9,1.85
45312,1.94,1.55
45313,1.88,2.72
45314,1.3,1.45
45315,0.53,0.73
45316,0.6,0.64
45317,0.7,0.81
45318,0.44,0.52
45319,0.41,0.43
45320,0.58,0.67
45321,0.58,0.69
45322,0.67,0.66
45323,0.89,0.77
45324,1.07,0.82
45325,0.67,0.76
45326,0.64,0.73
45327,<Samp,0.94
45328,<Samp,0.67
45329,0.61,0.88
45330,1.6,0.97
45331,1.69,1.74
45332,0.83,1.28
45333,0.36,1.1
45334,0.9,1.28
45335,1.87,2.37
45336,1.71,1.5
45337,0.52,0.74
45338,0.8,0.71
45339,0.71,0.67
45340,0.53,0.69
45341,0.54,0.83
45342,0.58,0.79
45343,0.68,0.95
45344,0.96,1.06
45345,0.61,1.24
45346,NoData,1.24
45347,NoData,1.13
45348,<Samp,1.28
45349,1.45,1.25
45350,1.51,1.3
45351,1.02,1.46
45352,0.66,0.79
45353,0.59,1.01
45354,0.53,0.74
45355,0.36,0.43
45356,0.52,0.59
45357,1.04,0.97
45358,0.55,1.21
45359,<Samp,0.46
45360,0.27,0.59
45361,0.13,0.56
45362,0.49,0.86
45363,0.7,0.88
45364,1.49,<Samp
45365,1.07,<Samp
45366,0.45,<Samp
45367,0.25,0.45
45368,0.47,0.7
45369,1.21,0.78
45370,0.63,0.58
45371,0.38,0.47
45372,1.25,0.64
45373,1.47,0.96
45374,0.56,0.45
45375,0.71,0.48
45376,0.76,0.61
45377,0.51,<Samp
45378,0.5,0.67
45379,1.23,1.33
45380,1.43,1.59
45381,0.99,0.95
45382,0.69,0.81
45383,0.75,1.25
45384,0.68,0.95
45385,0.73,1.18
45386,0.79,<Samp
45387,0.75,InVld
45388,0.4,InVld
45389,0.17,InVld
45390,0.4,<Samp
45391,0.62,0.52
45392,0.52,0.52
45393,<Samp,0.42
45394,0.65,0.5
45395,0.62,0.76
45396,0.4,0.35
45397,0.42,0.37
45398,0.57,0.43
45399,0.88,0.85
45400,1.65,1.54
45401,0.71,0.61
45402,0.39,0.24
45403,0.65,0.29
45404,0.58,0.31
45405,2.25,0.43
45406,2.28,0.88
45407,0.83,1.44
45408,0.83,0.79
45409,0.57,0.29
45410,0.27,0.24
45411,0.5,0.24
45412,0.37,0.27
45413,0.45,0.35
45414,0.41,0.4
45415,0.33,0.32
45416,0.21,0.32
45417,0.14,0.34
45418,0.31,0.23
45419,0.3,0.28
45420,0.37,0.34
45421,<Samp,0.63
45422,<Samp,1.25
45423,0.9,<Samp
45424,0.39,0.41
45425,0.3,<Samp
45426,0.2,0.27
45427,0.37,0.26
45428,<Samp,0.33
45429,0.52,<Samp
45430,0.66,InVld
45431,0.3,InVld
45432,<Samp,<Samp
45433,<Samp,<Samp
45434,<Samp,0.29
45435,0.54,0.61
45436,0.53,0.54
45437,0.22,0.18
45438,0.25,0.18
45439,0.89,0.42
45440,0.58,0.9
45441,0.43,0.22
45442,0.38,0.18
45443,0.28,0.23
45444,0.28,0.25
45445,0.3,0.48
45446,<Samp,<Samp
45447,0.77,0.35
45448,0.68,0.35
45449,0.41,0.45
45450,0.52,0.56
45451,0.43,0.69
45452,0.21,0.41
45453,0.46,0.21
45454,0.52,0.27
45455,0.33,0.19
45456,0.33,0.17
45457,0.83,<Samp
45458,0.54,0.26
45459,0.32,0.26
45460,0.31,0.21
45461,0.44,<Samp
45462,0.8,Down
45463,0.79,<Samp
45464,0.78,0.43
45465,0.31,0.12
45466,0.2,0.14
45467,0.32,0.35
45468,0.38,0.24
45469,0.42,0.22
45470,0.43,<Samp
45471,0.68,0.15
45472,0.34,0.14
45473,0.19,0.23
45474,0.28,0.19
45475,0.32,0.31
45476,0.32,0.22
45477,0.37,0.19
45478,0.65,<Samp
45479,0.49,0.03
45480,0.11,0.09
45481,0.38,0.04
45482,0.67,0.04
45483,0.7,0.03
45484,0.71,0.03
45485,0.63,0.13
45486,<Samp,0.54
45487,InVld,0.19
45488,<Samp,0.26
45489,0.3,0.24
45490,0.57,0.29
45491,0.57,0.24
45492,0.56,0.31
45493,0.24,0.39
45494,0.2,0.15
45495,0.53,0.3
45496,0.44,0.24
45497,0.34,0.21
45498,0.37,0.26
45499,0.54,0.29
45500,0.58,0.38
45501,0.18,0.15
45502,0.46,0.2
45503,0.31,0.17
45504,0.37,0.23
45505,0.47,0.2
45506,0.64,0.26
45507,0.35,0.23
45508,0.24,0.23
45509,0.43,0.27
45510,0.45,0.26
45511,0.44,<Samp
45512,0.4,0.19
45513,0.42,0.16
45514,0.33,0.28
45515,0.15,0.16
45516,0.24,0.15
45517,0.24,0.24
45518,0.37,0.21
45519,0.49,0.31
45520,0.33,0.2
45521,0.21,0.19
45522,0.25,0.18
45523,0.56,0.34
45524,0.66,0.48
45525,0.47,0.21
45526,0.71,0.16
45527,0.49,0.21
45528,0.45,0.29
45529,0.17,0.4
45530,0.39,0.24
45531,0.65,0.28
45532,0.56,0.22
45533,0.38,0.17
45534,0.32,0.15
45535,0.23,0.19
45536,0.17,0.15
45537,0.29,0.24
45538,0.53,0.34
45539,0.46,0.29
45540,0.29,0.21
45541,0.31,0.19
45542,0.29,0.22
45543,0.16,0.22
45544,0.43,0.55
45545,0.47,0.57
45546,0.41,0.36
45547,0.49,0.49
45548,0.51,0.55
45549,0.61,0.26
45550,0.09,0.21
45551,0.22,<Samp
45552,0.18,Calib
45553,0.3,0.3
45554,0.33,0.33
45555,0.43,0.28
45556,0.53,0.4
45557,0.18,0.24
45558,0.28,0.21
45559,<Samp,0.27
45560,0.53,0.98
45561,0.5,0.4
45562,0.56,0.28
45563,0.44,0.43
45564,0.36,0.34
45565,0.38,0.43
45566,0.24,Calib
45567,0.24,0.34
45568,0.26,0.27
45569,0.38,<Samp
45570,0.43,0.6
45571,0.41,0.34
45572,0.46,0.19
45573,0.34,<Samp
45574,0.37,0.29
45575,0.44,0.39
45576,0.4,0.35
45577,0.34,0.18
45578,0.24,0.46
45579,0.52,Calib
45580,0.83,<Samp
45581,0.54,0.67
45582,0.4,0.39
45583,0.15,0.21
45584,0.19,0.27
45585,0.33,0.44
45586,0.88,Calib
45587,0.83,0.82
45588,0.68,0.8
45589,0.68,0.82
45590,0.85,0.68
45591,0.53,1.05
45592,1.08,1.04
45593,0.81,0.97
45594,0.94,0.83
45595,<Samp,InVld
45596,0.47,InVld
45597,<Samp,InVld
45598,0.75,InVld
45599,0.64,InVld
45600,0.47,Calib
45601,1.13,Calib
45602,1.24,1.07
45603,0.84,1.03
45604,0.68,0.81
45605,0.63,0.84
45606,0.73,0.84
45607,0.59,<Samp
45608,0.52,Calib
45609,0.84,<Samp
45610,0.82,<Samp
45611,1.04,Calib
45612,1.07,1.23
45613,0.37,0.78
45614,1.11,<Samp
45615,0.56,<Samp
45616,0.54,0.76
45617,1.1,1.1
45618,1.43,1.7
45619,1.2,1.78
45620,0.85,0.85
45621,0.46,0.49
45622,0.53,0.39
45623,0.53,0.5
45624,0.75,0.82
45625,0.91,1
45626,0.95,0.79
45627,0.85,1.09
45628,1.62,1.66
45629,1.71,1.48
45630,1.59,2.54
45631,1.09,1.08
45632,1.17,0.97
45633,0.92,1.87
45634,1.6,2.07
45635,1.27,2.48
45636,1.71,1.39
45637,1.11,2.73
45638,<Samp,2.67
45639,0.79,1.72
45640,0.37,0.34
45641,1.2,0.71
45642,1.57,1.63
45643,1.04,1.41
45644,1.37,1.49
45645,1.16,1.92
45646,0.84,2.62
45647,0.6,1.46
45648,0.57,0.93
45649,1.02,1.06
45650,1.22,1.24
45651,<Samp,1.08
45652,Down,2.12
45653,<Samp,1.31
45654,NoData,0.59
45655,NoData,0.43
45656,<Samp,0.48
45657,0.57,0.56
45658,0.72,1.05
45659,1.97,1.88
45660,1.33,1.88
45661,0.97,2.05
45662,0.96,2.34
45663,0.89,1.81
45664,1.18,1.12
45665,0.81,1.34
45666,0.75,1.16
45667,0.54,0.96
45668,0.59,0.77
45669,0.5,0.73
45670,1.23,0.77
45671,0.89,1.41
45672,0.93,2
45673,1.13,2.12
45674,1.02,1.64
45675,0.54,1.49
45676,0.5,0.92
45677,0.61,1.21
45678,0.61,1.36
45679,0.91,1.64
45680,0.77,1.24
45681,0.47,0.7
45682,0.56,1.09
45683,0.63,0.88
45684,1.28,1.39
45685,1.24,1.9
45686,0.86,1.21
45687,0.93,0.87
45688,1.26,1.52
45689,0.82,1
45690,0.44,0.5
45691,1.53,1.05
45692,1.39,1.83
45693,1.09,1.52
45694,0.38,0.9
45695,<Samp,1.09
45696,0.42,0.49
45697,0.57,0.7
45698,1.18,1.12
45699,0.64,0.85
45700,0.73,1.01
45701,<Samp,0.78
45702,<Samp,0.5
45703,0.77,0.66
45704,0.67,0.88
45705,0.76,0.92
45706,1.01,1.05
45707,1.52,1.3
45708,0.86,1.07
45709,0.42,0.42
45710,0.48,0.46
45711,<Samp,0.53
45712,<Samp,0.56
45713,0.83,0.67
45714,0.84,1.09
45715,1.09,1.14
45716,1.65,1.01
45717,1.21,1.36
45718,0.4,0.75
